# Wavefront OBJ exported by MilkShape 3D

mtllib boblamp.mtl

v -7.602839 46.238350 0.000020
v -6.307279 50.938343 4.220024
v -7.617282 46.038353 4.450019
v -5.856164 51.038349 0.000024
v -6.307284 50.938343 -4.219976
v -7.617281 46.038353 -4.449981
v -1.969514 53.538353 4.060020
v -5.260599 50.926643 7.742381
v -2.579508 52.226582 8.972369
v -5.260610 50.929718 -7.800242
v -1.969520 53.538353 -4.059980
v -2.579522 52.229664 -9.030234
v 2.970475 18.238350 -1.299981
v 0.060472 22.438345 0.000020
v 4.190474 24.438339 0.000020
v -3.139525 18.238346 -0.530979
v -5.029526 24.138351 0.000020
v 6.550480 29.338339 -7.719979
v -1.219520 29.338348 -10.799981
v -0.559527 24.138348 -10.699980
v 6.830473 24.138340 -6.269980
v -6.359526 24.138351 -5.939980
v -9.539522 29.338356 0.000018
v -7.369521 29.338356 -5.999981
v -0.559527 24.138348 -10.699980
v -1.219520 29.338348 -10.799981
v 4.520473 18.238350 -5.809981
v -1.169528 18.238346 -9.079981
v -4.769527 18.238348 -5.329979
v -1.169528 18.238346 -9.079981
v -0.889527 16.038345 -7.749980
v 2.910475 16.038349 -5.499981
v 1.829475 16.038349 -1.999981
v -2.219525 16.038345 -1.359980
v -3.839525 16.038345 -5.079979
v -0.889527 16.038345 -7.749980
v 2.219483 13.638353 -5.519985
v -1.119518 13.638349 -7.139983
v 1.485485 13.638351 -2.269984
v -2.559515 13.638346 -1.829982
v -4.479517 13.638347 -4.749980
v -1.119518 13.638349 -7.139983
v 10.130477 27.138334 0.000020
v 9.580480 29.138336 -4.479979
v 10.590477 28.638334 0.000021
v 2.970476 18.238346 1.300022
v -3.139523 18.238346 0.531017
v 6.550483 29.338364 7.720028
v -0.559527 24.138350 10.700020
v -1.219525 29.338375 10.800030
v 6.830472 24.138340 6.270020
v -7.369530 29.338383 6.000024
v -6.359527 24.138353 5.940020
v -0.559527 24.138350 10.700020
v -1.219525 29.338375 10.800030
v 4.520473 18.238346 5.810023
v -1.169530 18.238350 9.080019
v -4.769527 18.238350 5.330016
v -1.169530 18.238350 9.080019
v -0.889529 16.038349 7.750019
v 2.910472 16.038347 5.500022
v 1.829476 16.038345 2.000021
v -2.219524 16.038347 1.360018
v -3.839527 16.038347 5.080017
v -0.889529 16.038349 7.750019
v 2.219479 13.638351 5.520023
v -1.119524 13.638350 7.140017
v 1.485484 13.638350 2.270022
v -2.559516 13.638349 1.830015
v -4.479521 13.638350 4.750011
v -1.119524 13.638350 7.140017
v 9.580488 29.138359 4.480025
v -3.199511 11.838346 -0.343982
v -5.889513 11.638344 -3.449980
v -2.559515 13.638346 -1.829982
v -3.199511 11.838346 -0.343982
v -2.559515 13.638346 -1.829982
v 1.266688 11.738352 -0.952984
v -5.889513 11.638344 -3.449980
v -5.889511 10.338343 -3.449980
v -4.279516 11.738347 -7.499981
v -5.889511 10.338343 -3.449980
v 1.266688 11.738352 -0.952984
v 3.380486 11.738354 -5.089986
v 3.410488 10.338353 -5.089986
v 3.380486 11.738354 -5.089986
v 0.376483 11.738352 -8.629984
v 3.410488 10.338353 -5.089986
v -0.519512 9.018351 -7.229983
v 0.376486 10.338350 -8.479984
v -4.369514 10.338345 -7.549981
v -3.719511 9.018347 -6.229982
v 0.547491 9.018351 -1.769984
v 1.266690 10.338350 -0.733984
v 1.985489 9.018352 -4.839985
v -2.949508 9.018347 -1.839982
v -3.089509 10.338346 -0.390982
v 0.719450 0.085778 -1.729968
v -0.269523 0.085774 -7.379972
v -3.659528 0.089391 -6.279988
v -2.919550 0.089394 -1.449985
v -4.266554 0.105396 -3.719991
v -2.469517 4.268353 -1.889986
v 0.688484 4.118346 -2.469979
v 0.719450 0.085778 -1.729968
v -3.659528 0.089391 -6.279988
v -0.269523 0.085774 -7.379972
v -3.479508 4.268352 -5.979988
v 0.020493 3.998343 -6.839981
v 1.469491 5.698344 -4.749979
v 1.985489 9.018352 -4.839985
v 1.469491 5.698344 -4.749979
v 3.745893 0.080574 -1.949979
v 7.610494 1.588373 -2.700014
v 7.630497 0.106386 -2.950015
v 6.830485 3.228373 -3.470010
v 8.550474 2.118378 -6.000021
v 7.630473 3.668375 -5.840015
v -4.359509 9.018344 -3.719981
v -4.019513 4.268353 -3.799989
v 6.240462 3.308377 -7.670008
v 3.770459 4.368350 -5.159980
v 3.560456 3.368348 -7.669980
v 7.630473 3.668375 -5.840015
v 6.590461 1.588374 -8.410009
v 2.700469 0.084168 -8.309976
v -2.919550 0.089394 -1.449985
v -4.266554 0.105396 -3.719991
v 3.745893 0.080574 -1.949979
v 2.700469 0.084168 -8.309976
v 8.450480 0.106389 -5.980020
v 6.610465 0.106387 -8.390011
v 4.420472 3.298355 -2.779982
v 3.770459 4.368350 -5.159980
v 6.610465 0.106387 -8.390011
v 7.630497 0.106386 -2.950015
v 8.550474 2.118378 -6.000021
v 8.450480 0.106389 -5.980020
v 8.450480 0.106389 -5.980020
v -4.019513 4.268353 -3.799989
v -4.266554 0.105396 -3.719991
v -4.359509 9.018344 -3.719981
v 2.219483 13.638353 -5.519985
v -1.119518 13.638349 -7.139983
v 1.485485 13.638351 -2.269984
v 2.219483 13.638353 -5.519985
v -4.479517 13.638347 -4.749980
v -4.479517 13.638347 -4.749980
v -3.199512 11.838348 0.344015
v -2.559516 13.638349 1.830015
v -5.889518 11.638350 3.450010
v -3.199512 11.838348 0.344015
v 1.266686 11.738350 0.953022
v -2.559516 13.638349 1.830015
v -5.889518 11.638350 3.450010
v -4.279524 11.738350 7.500012
v -5.889517 10.338348 3.450010
v -5.889517 10.338348 3.450010
v 1.266686 11.738350 0.953022
v 3.410480 10.338350 5.090025
v 3.380480 11.738350 5.090025
v 3.410480 10.338350 5.090025
v 0.376474 11.738351 8.630020
v 3.380480 11.738350 5.090025
v -0.519522 9.018351 7.230019
v -4.369524 10.338350 7.550012
v 0.376475 10.338348 8.480020
v -3.719521 9.018350 6.230013
v 0.547486 9.018349 1.770020
v 1.266687 10.338348 0.734021
v 1.985482 9.018349 4.840023
v -3.089512 10.338348 0.391014
v -2.949514 9.018350 1.840015
v -3.659538 0.089393 6.280013
v -0.269545 0.085780 7.380029
v 0.719484 0.085768 1.730034
v -2.919514 0.089383 1.450015
v -4.266541 0.105391 3.720009
v -2.469506 4.268349 1.890014
v 0.719484 0.085768 1.730034
v 0.688492 4.118341 2.470025
v -3.659538 0.089393 6.280013
v -3.479520 4.268353 5.980011
v -0.269545 0.085780 7.380029
v 0.020477 3.998346 6.840023
v 1.469487 5.698342 4.750026
v 1.985482 9.018349 4.840023
v 1.469487 5.698342 4.750026
v 3.745912 0.080538 1.950055
v 7.630491 0.106272 2.950082
v 7.610526 1.588259 2.700081
v 6.830552 3.228278 3.470072
v 8.550500 2.118239 6.000093
v 7.630535 3.668259 5.840082
v -4.359517 9.018349 3.720013
v -4.019512 4.268353 3.800009
v 6.240506 3.308292 7.670066
v 3.560472 3.368322 7.670050
v 3.770520 4.368317 5.160050
v 7.630535 3.668259 5.840082
v 6.590460 1.588280 8.410072
v 2.700422 0.084157 8.310040
v -4.266541 0.105391 3.720009
v -2.919514 0.089383 1.450015
v 3.745912 0.080538 1.950055
v 2.700422 0.084157 8.310040
v 8.450458 0.106253 5.980093
v 6.610429 0.106293 8.390072
v 4.420539 3.298306 2.780061
v 3.770520 4.368317 5.160050
v 6.610429 0.106293 8.390072
v 7.630491 0.106272 2.950082
v 8.550500 2.118239 6.000093
v 8.450458 0.106253 5.980093
v 8.450458 0.106253 5.980093
v -4.019512 4.268353 3.800009
v -4.266541 0.105391 3.720009
v -4.359517 9.018349 3.720013
v 2.219479 13.638351 5.520023
v -1.119524 13.638350 7.140017
v 1.485484 13.638350 2.270022
v 2.219479 13.638351 5.520023
v -4.479521 13.638350 4.750011
v -4.479521 13.638350 4.750011
v 0.641477 43.438343 -12.699981
v 2.126482 50.029720 -9.800246
v 0.641480 49.738346 -12.699981
v 2.940485 42.338341 -9.059979
v 2.126485 50.026627 9.742379
v 0.641468 43.438332 12.700023
v 0.641484 49.738335 12.700021
v 2.940485 42.338341 9.060022
v 4.170473 21.838341 -11.199980
v 7.140481 29.638336 -8.729979
v 4.330481 30.038342 -10.299980
v 7.610473 23.038340 -8.579980
v 4.170472 21.838343 11.200020
v 7.140484 29.638363 8.730029
v 7.610472 23.038342 8.580020
v 4.330481 30.038368 10.300032
v 8.090475 11.538349 -6.299983
v 9.220474 23.838339 -5.339981
v 6.050475 10.738350 -9.079982
v 8.090471 11.538345 6.300028
v 6.050469 10.738347 9.080026
v 9.220474 23.838339 5.340020
v 10.410479 29.238338 -5.639979
v 10.410487 29.238363 5.640027
v -8.219525 39.138351 4.330019
v -6.299528 30.938377 9.380028
v -8.839529 31.238382 5.200024
v -5.529522 34.594791 8.520020
v -8.219524 39.138351 -4.329981
v -6.299518 30.938351 -9.379982
v -5.529522 34.594791 -8.519981
v -8.839519 31.238356 -5.199981
v -9.739526 24.638355 -3.199983
v -9.839521 31.338356 0.000018
v -8.839525 23.338354 -6.329983
v -9.739528 24.638351 3.200016
v -8.839529 23.338350 6.330017
v -6.279529 22.438349 9.630020
v -6.279527 22.438347 -9.629980
v -9.539531 11.838350 7.810013
v -5.499533 12.238348 11.400016
v -9.539526 11.838345 -7.809978
v -5.499526 12.238345 -11.399980
v -2.579522 52.229664 -9.030234
v -5.908402 50.338348 -11.699979
v -3.619519 51.738350 -11.999980
v -5.260610 50.929718 -7.800242
v -2.579508 52.226582 8.972369
v -5.908398 50.338352 11.700019
v -5.260599 50.926643 7.742381
v -3.619511 51.738350 12.000020
v -7.939524 39.138351 0.000019
v -3.589531 39.968029 12.000022
v -6.528382 46.138348 8.190020
v -6.795069 46.238350 11.500020
v -3.699526 37.368034 9.730020
v -3.589520 39.968029 -11.999978
v -6.528381 46.138351 -8.189981
v -3.699524 37.368034 -9.729980
v -6.795064 46.238346 -11.499978
v -5.109526 43.238342 -19.499977
v -6.689527 47.138344 -19.499977
v -5.109541 43.238350 19.500019
v -6.689531 47.138355 19.500019
v -0.809521 49.738342 20.600021
v -0.919534 45.338337 20.800018
v -0.809528 49.738342 -20.599985
v -0.919528 45.338341 -20.799980
v -1.339520 48.038349 -35.699978
v -0.079519 48.938347 -35.599976
v -0.029522 48.638351 -37.399986
v -4.299529 49.038345 -31.899981
v -5.199524 48.138348 -34.099976
v -3.519524 49.838345 -34.099979
v -1.249521 50.138351 -34.199982
v -2.829529 50.638344 -31.799984
v -0.949528 49.938393 -31.700012
v -0.079519 48.938347 -35.599976
v 1.110480 47.938347 -34.899975
v 0.060481 46.238342 -34.899979
v -0.499520 46.638351 -37.799980
v 0.657481 45.638351 -37.799980
v 0.360481 45.738354 -38.999981
v -0.632638 47.733845 -39.085491
v -0.049523 48.538353 -39.899986
v -0.939205 47.760124 -41.737434
v -4.511964 47.509758 -38.387043
v -5.519522 48.338348 -36.699982
v -4.286177 47.194939 -35.010624
v -5.199524 48.138348 -34.099976
v -4.668959 47.538525 -40.462708
v -5.419523 48.438347 -38.499981
v -4.359523 48.538353 -41.299980
v -5.269524 48.538353 -40.499977
v -2.089524 48.638351 -42.199982
v 1.501480 46.938351 -37.799976
v 0.407479 47.738350 -37.899979
v 1.110480 46.838356 -38.999977
v 0.438481 47.138355 -39.099976
v -0.359524 48.638351 -41.499981
v -2.809529 47.738342 -31.799980
v -4.299529 49.038345 -31.899981
v -0.749528 47.938389 -31.800011
v 0.407479 47.738350 -37.899979
v 0.060481 46.238342 -34.899979
v 1.110480 47.938347 -34.899975
v 1.501480 46.938351 -37.799976
v 0.657481 45.638351 -37.799980
v 0.360481 45.738354 -38.999981
v 1.110480 46.838356 -38.999977
v -1.215021 49.493195 -40.154617
v -0.359524 48.638351 -41.499981
v -0.049523 48.538353 -39.899986
v -2.089524 48.638351 -42.199982
v -1.219522 49.938347 -37.699986
v -0.029522 48.638351 -37.399986
v -3.606406 49.330185 -39.468575
v -4.359523 48.538353 -41.299980
v -3.619522 49.638351 -37.499981
v -0.749528 47.938389 -31.800011
v -0.949528 49.938393 -31.700012
v -5.269524 48.538353 -40.499977
v -5.419523 48.438347 -38.499981
v -5.519522 48.338348 -36.699982
v 0.438481 47.138355 -39.099976
v 0.438481 47.138355 -39.099976
v -1.339532 48.038246 35.699982
v -0.029524 48.638222 37.400024
v -0.079531 48.938339 35.600018
v -4.299515 49.038376 31.900028
v -3.519486 49.838310 34.100060
v -5.199538 48.138367 34.100006
v -1.249501 50.138290 34.200047
v -2.829489 50.638351 31.800053
v -0.949510 49.938377 31.700066
v -0.079531 48.938339 35.600018
v 1.110472 47.938343 34.900024
v -0.499525 46.638355 37.800026
v 0.060476 46.238338 34.900024
v 0.657480 45.638363 37.800030
v 0.360479 45.738365 39.000031
v -0.850274 47.972904 37.391068
v -0.049524 48.538342 39.900021
v -0.865157 47.793625 41.524841
v -4.725467 47.525635 37.474564
v -4.222523 47.384388 34.931664
v -5.519529 48.338318 36.700020
v -5.199538 48.138367 34.100006
v -4.592731 47.724907 40.743904
v -5.419525 48.438347 38.500023
v -5.269526 48.538353 40.500023
v -4.359525 48.538349 41.300018
v -2.089523 48.638344 42.200024
v 1.501474 46.938366 37.800026
v 1.110473 46.838371 39.000027
v 0.407469 47.738361 37.900021
v 0.438471 47.138367 39.100021
v -0.359523 48.638344 41.500023
v -2.809536 47.738342 31.800005
v -4.299515 49.038376 31.900028
v -0.749524 47.938332 31.800018
v 0.407469 47.738361 37.900021
v 0.060476 46.238338 34.900024
v 1.501474 46.938366 37.800026
v 1.110472 47.938343 34.900024
v 0.657480 45.638363 37.800030
v 0.360479 45.738365 39.000031
v 1.110473 46.838371 39.000027
v -1.239832 49.602989 40.286858
v -0.049524 48.538342 39.900021
v -0.359523 48.638344 41.500023
v -2.089523 48.638344 42.200024
v -1.219503 49.938232 37.700043
v -0.029524 48.638222 37.400024
v -3.511404 49.463264 39.520470
v -4.359525 48.538349 41.300018
v -3.619508 49.638283 37.500038
v -0.749524 47.938332 31.800018
v -0.949510 49.938377 31.700066
v -5.269526 48.538353 40.500023
v -5.419525 48.438347 38.500023
v -5.519529 48.338318 36.700020
v 0.438471 47.138367 39.100021
v 0.438471 47.138367 39.100021
v -3.729526 51.138348 -18.699984
v -3.909529 44.938339 -22.499979
v -4.299529 49.038345 -31.899981
v -6.109530 48.038345 -22.499979
v -2.809529 47.738342 -31.799980
v -0.919528 45.338341 -20.799980
v -0.749528 47.938389 -31.800011
v -2.809529 47.738342 -31.799980
v -0.949528 49.938393 -31.700012
v -3.909529 51.038345 -22.499983
v -2.829529 50.638344 -31.799984
v 0.641477 43.438343 -12.699981
v 2.940485 42.338341 -9.059979
v -3.729517 51.138351 18.700020
v -3.909535 44.938343 22.500019
v -6.109527 48.038361 22.500023
v -4.299515 49.038376 31.900028
v -2.809536 47.738342 31.800005
v -0.919534 45.338337 20.800018
v -2.809536 47.738342 31.800005
v -0.749524 47.938332 31.800018
v -0.949510 49.938377 31.700066
v -3.909517 51.038353 22.500019
v -2.829489 50.638351 31.800053
v 0.641468 43.438332 12.700023
v 2.940485 42.338341 9.060022
v 5.280492 48.738342 -6.249979
v 7.170485 47.538338 0.000022
v 3.140483 52.438347 0.000017
v 3.140478 51.538349 -5.779984
v 6.910493 45.438335 -5.979978
v 9.920492 41.338333 0.000020
v 10.640483 33.438332 -5.559978
v 11.860479 33.438332 0.000022
v 7.910490 41.138336 -5.859980
v -1.309522 34.294788 -10.099982
v 4.080479 35.138340 -10.199982
v 2.940485 42.338341 -9.059979
v -3.699524 37.368034 -9.729980
v -2.309518 54.238350 0.000021
v -1.969520 53.538353 -4.059980
v 11.960478 28.938332 0.000021
v 11.280476 25.438334 -1.049977
v 11.460486 26.438358 0.000022
v -1.809527 12.138346 -12.599981
v 3.440475 11.338348 -11.499981
v 4.170473 21.838341 -11.199980
v -1.829528 21.538345 -11.499981
v 3.440475 11.338348 -11.499981
v 8.740477 13.038351 -4.169983
v -10.539536 26.438377 0.000018
v -10.339523 11.938342 -4.449977
v -10.839523 11.938343 -2.949977
v -1.559519 30.938345 -11.199981
v 4.330481 30.038342 -10.299980
v -6.528381 46.138351 -8.189981
v 2.126482 50.029720 -9.800246
v 2.940485 42.338341 -9.059979
v 7.490482 34.238338 -8.359980
v 4.080479 35.138340 -10.199982
v -2.309518 54.238350 0.000021
v -2.579522 52.229664 -9.030234
v 5.280492 48.738342 6.250021
v 3.140487 51.538353 5.780017
v 6.910495 45.438332 5.980022
v 10.640491 33.438362 5.560028
v 7.910491 41.138332 5.860021
v -1.309522 34.294785 10.100019
v 2.940485 42.338341 9.060022
v 4.080479 35.138336 10.200019
v -3.699526 37.368034 9.730020
v -1.969514 53.538353 4.060020
v 11.280474 25.438332 1.050022
v -1.809533 12.138348 12.600020
v 3.440468 11.338348 11.500023
v -1.829529 21.538349 11.500021
v 8.740475 13.038345 4.170028
v -10.339527 11.938348 4.450012
v -10.839525 11.938348 2.950012
v -1.559524 30.938370 11.200030
v -6.528382 46.138348 8.190020
v -3.699526 37.368034 9.730020
v -5.529522 34.594791 8.520020
v 2.126485 50.026627 9.742379
v 7.490487 34.238369 8.360030
v -2.579508 52.226582 8.972369
v 7.770496 54.938194 -0.718843
v 7.690560 56.038200 -2.359844
v 7.360530 55.238205 -1.919853
v 8.160493 55.138187 -0.421834
v 7.770462 54.938194 0.719158
v 7.360441 55.238205 1.920148
v 7.690452 56.038200 2.360156
v 8.160474 55.138187 0.422166
v 8.390405 51.738182 -0.218829
v 7.840426 51.638195 -1.329843
v 8.030402 51.638191 -0.296838
v 8.390399 51.738182 0.000171
v 8.090393 51.538193 0.000164
v 8.160402 51.438183 -0.530835
v 8.300389 51.338181 0.000168
v 8.390394 51.738182 0.219171
v 8.030389 51.638191 0.297163
v 7.840364 51.638195 1.330158
v 8.160378 51.438183 0.531165
v 1.813561 53.838348 -4.749983
v 2.490485 50.538330 -5.079968
v 5.330501 52.238258 -3.879901
v 5.860599 56.638245 -3.309887
v 3.000602 59.838322 0.000048
v 4.590629 59.138275 -1.889916
v 6.340609 58.838234 -1.329875
v 6.910578 58.838219 0.000138
v 8.520408 51.938171 -0.218826
v 7.840426 51.638195 -1.329843
v 8.390405 51.738182 -0.218829
v 8.550419 52.138176 -0.437826
v 8.130403 51.338184 -0.577836
v 8.160402 51.438183 -0.530835
v 8.300389 51.338181 0.000168
v 8.280383 51.138184 0.000168
v 7.920395 51.138191 -0.577841
v 8.140382 51.038189 0.000164
v 8.390399 51.738182 0.000171
v 8.520404 51.938171 0.000174
v 9.590430 53.038151 0.000199
v 9.250439 52.838158 -0.499809
v 9.300422 52.638153 0.000192
v 9.270450 53.238152 -0.624808
v 9.560444 53.538151 0.000198
v 8.090450 52.838188 -1.019836
v 8.700478 54.638176 -0.233821
v 7.800475 53.838196 -1.019843
v 8.700480 54.938171 0.000178
v 8.160492 55.438183 0.000166
v 5.470408 49.138252 -3.299898
v 6.990457 51.738216 -2.549862
v 6.670373 49.338223 -1.589870
v 7.770344 49.638199 0.000156
v 7.300500 53.938206 -1.999854
v 8.390424 52.438179 -0.296829
v 6.780528 54.338219 -2.749866
v 8.450416 52.438175 0.000172
v 8.550408 52.138176 0.000174
v 7.020315 48.438210 0.000138
v 6.610297 47.738220 0.000129
v 7.200600 57.538216 -2.379856
v 7.810544 57.538197 0.000159
v -0.949694 48.138416 -0.000048
v 4.330294 47.638283 0.000075
v 1.110405 48.938366 -3.390000
v 3.500638 58.338310 -3.159941
v 4.590629 59.138275 -1.889916
v 6.340609 58.838234 -1.329875
v 6.910578 58.838219 0.000138
v -0.949489 52.638420 -3.910047
v -3.109550 53.838478 -0.000096
v 0.360614 58.038391 -2.470015
v -0.669429 58.638412 -0.000038
v 0.360614 58.038391 -2.470015
v -0.669429 58.638412 -0.000038
v 5.330320 52.238258 3.880100
v 2.490248 50.538330 5.080033
v 1.813339 53.838348 4.750019
v 5.860445 56.638245 3.310114
v 6.340547 58.838234 1.330125
v 4.590542 59.138275 1.890085
v 8.520398 51.938171 0.219174
v 8.390394 51.738182 0.219171
v 7.840364 51.638195 1.330158
v 8.550399 52.138176 0.438174
v 8.160378 51.438183 0.531165
v 8.130376 51.338184 0.578165
v 7.920369 51.138191 0.578160
v 9.250415 52.838158 0.500191
v 9.270421 53.238155 0.625192
v 8.090403 52.838184 1.020164
v 7.800427 53.838192 1.020157
v 8.700467 54.638176 0.234179
v 5.470255 49.138252 3.300102
v 6.990338 51.738213 2.550138
v 6.670300 49.338219 1.590130
v 7.300407 53.938202 2.000146
v 8.390409 52.438179 0.297171
v 6.780399 54.338219 2.750134
v 7.200490 57.538212 2.380145
v -0.949694 48.138416 -0.000048
v 1.110247 48.938362 3.390001
v 3.500491 58.338306 3.160059
v 4.590542 59.138275 1.890085
v 6.340547 58.838234 1.330125
v -0.949671 52.638420 3.909954
v -3.109550 53.838478 -0.000096
v 0.360499 58.038391 2.469986
v -0.669429 58.638412 -0.000038
v 0.360499 58.038391 2.469986
v 4.330732 60.338219 -0.031156
v 2.016717 60.838333 0.813035
v 4.550757 60.838207 -0.031145
v 2.157708 60.338329 0.469041
v 2.001799 60.838337 -0.905966
v 2.157757 60.338329 -0.562959
v 4.330732 60.338219 -0.031156
v 4.550757 60.838207 -0.031145
v 2.157708 60.338329 0.469041
v 2.001799 60.838337 -0.905966
v 2.016717 60.838333 0.813035
v 2.157757 60.338329 -0.562959
v 2.610801 61.338306 -0.421937
v 3.860782 61.338242 -0.031177
v 2.971076 67.138290 -0.031215
v 3.860782 61.338242 -0.031177
v 2.610765 61.338306 0.328063
v 2.610801 61.338306 -0.421937
v 2.971076 67.138290 -0.031215
v 2.610765 61.338306 0.328063
v 2.016717 60.838333 0.813035
v 3.860782 61.338242 -0.031177
v 4.550757 60.838207 -0.031145
v 2.610765 61.338306 0.328063
v 2.001799 60.838337 -0.905966
v 3.860782 61.338242 -0.031177
v 2.610801 61.338306 -0.421937
v 4.550757 60.838207 -0.031145
v 2.016717 60.838333 0.813035
v 2.610801 61.338306 -0.421937
v 2.610765 61.338306 0.328063
v 2.001799 60.838337 -0.905966
v -4.999563 54.538692 -0.031605
v -4.079417 53.538651 -4.170262
v -4.169389 54.038654 -4.220267
v -4.839588 54.038685 -0.031598
v -0.249278 53.138454 -7.500081
v -0.369239 53.638462 -7.800086
v 4.910681 53.738190 -5.999835
v 4.860724 54.238194 -6.379837
v 8.160653 55.938023 -3.059678
v 8.170698 56.438023 -3.479676
v 9.200524 56.237968 -0.030928
v 9.450549 56.737957 -0.030915
v -4.169786 54.038647 4.129735
v -4.079811 53.538643 4.089738
v -0.369977 53.638451 7.699914
v -0.249988 53.138443 7.409920
v 4.860121 54.238182 6.280163
v 4.910114 53.738182 5.910165
v 8.170371 56.438015 3.390324
v 8.160367 55.938015 2.970323
v 4.690827 58.938202 -3.529840
v -0.369239 53.638462 -7.800086
v 4.860724 54.238194 -6.379837
v 1.423327 58.938366 -3.529996
v 8.170698 56.438023 -3.479676
v 6.910750 58.938084 -1.889735
v 4.690495 58.938194 3.440161
v 8.170371 56.438015 3.390324
v 4.860121 54.238182 6.280163
v 6.910574 58.938080 1.800265
v 4.130814 60.038231 -2.059866
v 2.157757 60.338329 -0.562959
v 0.547780 60.038414 -1.360036
v 4.330732 60.338219 -0.031156
v 6.140717 60.038128 -0.031070
v 4.130622 60.038227 1.970134
v 2.157708 60.338329 0.469041
v 0.547654 60.038410 1.269964
v -0.369977 53.638451 7.699914
v 1.422995 58.938362 3.440005
v -4.169786 54.038647 4.129735
v -0.689427 58.938469 1.799904
v -4.999563 54.538692 -0.031605
v -1.699340 58.938526 -0.031444
v -4.169389 54.038654 -4.220267
v -0.689251 58.938473 -1.890096
v 9.450549 56.737957 -0.030915
v 7.910662 58.938030 -0.030986
v 7.832354 42.329346 -39.960873
v 7.832355 33.939915 -39.960884
v 7.054934 33.939911 -38.084026
v 7.054931 42.329342 -38.084011
v 5.178065 42.329350 -42.615162
v 7.054934 33.939919 -41.837753
v 7.054931 42.329350 -41.837742
v 5.178069 33.939919 -42.615177
v 3.301201 42.329350 -41.837742
v 3.301202 33.939919 -41.837753
v 2.523777 42.329346 -39.960873
v 2.523778 33.939915 -39.960888
v 3.301201 42.329342 -38.084007
v 3.301202 33.939911 -38.084023
v 5.178066 42.329342 -37.306580
v 3.301202 33.939911 -38.084023
v 3.301201 42.329342 -38.084007
v 5.178069 33.939911 -37.306599
v 2.681202 47.010593 -39.594128
v 3.119555 47.028030 -38.572731
v 7.674927 47.028034 -40.361427
v 7.674927 47.028034 -40.361427
v 7.212356 47.028034 -41.398811
v 2.681202 47.010593 -39.594128
v 2.681202 47.010593 -39.594128
v 3.119555 47.028030 -38.572731
v 3.301201 42.329342 -38.084007
v 2.523777 42.329346 -39.960873
v 7.054931 42.329350 -41.837742
v 7.832354 42.329346 -39.960873
v 8.141723 42.317421 -39.954437
v 7.265807 42.317417 -37.872593
v 5.177768 43.642719 -39.966568
v 7.268961 42.317425 -42.052345
v 8.141723 42.317421 -39.954437
v 5.177895 42.317425 -42.881134
v 7.268961 42.317425 -42.052345
v 3.098428 42.317425 -42.038029
v 5.177895 42.317425 -42.881134
v 2.278064 42.317421 -39.969311
v 3.098428 42.317425 -42.038029
v 3.129819 42.317417 -37.919888
v 2.278064 42.317421 -39.969311
v 5.176167 42.317413 -37.047516
v 3.129819 42.317417 -37.919888
v 7.265807 42.317417 -37.872593
v 5.176167 42.317413 -37.047516
v 5.178067 33.939915 -39.960888
v 7.054934 33.939911 -38.084026
v 7.832355 33.939915 -39.960884
v 7.054934 33.939919 -41.837753
v 5.178069 33.939919 -42.615177
v 3.301202 33.939919 -41.837753
v 2.523778 33.939915 -39.960888
v 3.301202 33.939911 -38.084023
v 5.178069 33.939911 -37.306599
v 3.129895 44.864342 38.958206
v 2.988374 44.168179 38.576984
v 2.728498 44.406273 39.130520
v 3.341739 44.735634 38.616230
v -2.145169 49.438244 39.279087
v -2.348961 49.668507 39.721199
v -2.858523 49.218285 39.709507
v -2.566601 48.978626 39.251862
v 0.685244 46.527409 39.084637
v 0.361715 46.772305 39.649399
v -0.065895 47.210880 39.217087
v 0.257107 46.865490 38.652416
v -2.082880 49.344028 39.978916
v -2.506547 48.886482 40.053616
v -2.858523 49.218285 39.709507
v -2.348961 49.668507 39.721199
v 2.988374 44.168179 38.576984
v 3.341739 44.735634 38.616230
v 3.065381 44.960663 38.360321
v 2.628541 44.500809 38.234268
v 0.280904 45.563198 39.054390
v -0.253967 46.037308 39.961052
v 2.728498 44.406273 39.130520
v 2.988374 44.168179 38.576984
v -0.253967 46.037308 39.961052
v 0.361715 46.772305 39.649399
v 3.341739 44.735634 38.616230
v 3.129895 44.864342 38.958206
v -0.433364 46.127357 38.367992
v 0.257107 46.865490 38.652416
v 3.065381 44.960663 38.360321
v 2.628541 44.500809 38.234268
v -0.433364 46.127357 38.367992
v -2.348961 49.668507 39.721199
v -2.145169 49.438244 39.279087
v -0.968222 46.601479 39.274647
v -2.566601 48.978626 39.251862
v -2.858523 49.218285 39.709507
v -2.082880 49.344028 39.978916
v -2.506547 48.886482 40.053616
v -0.733024 47.678715 39.030098
v 1.213185 46.061440 38.585373
v 3.880432 50.416943 38.927410
v 3.193434 50.993023 39.048550
v 1.279387 45.966793 39.284500
v -0.660454 47.683933 39.728096
v 3.248198 50.994595 39.445065
v 3.930304 50.419048 39.324780
v 1.354117 45.852703 38.966694
v 2.913274 48.004547 38.996399
v 4.317727 50.575092 39.053383
v 2.913274 48.004547 38.996399
v -0.797961 47.791782 39.346165
v 0.998184 49.717197 39.334087
v 3.310970 51.486942 39.230907
v 0.998184 49.717197 39.334087
v 1.354117 45.852703 38.966694
v 4.317727 50.575092 39.053383
v -0.797961 47.791782 39.346165
v 3.310970 51.486942 39.230907
v 4.044268 51.209435 39.203148
v 4.044268 51.209435 39.203148
v -7.901890 39.980114 39.339657
v -7.727321 37.443657 39.085487
v -6.754436 38.919891 37.340023
v -5.419470 40.121849 39.145645
v -7.901890 39.980114 39.339657
v -6.391260 38.644535 40.840137
v -7.727321 37.443657 39.085487
v -5.231765 37.683769 38.848537
v -5.231765 37.683769 38.848537
v 0.280904 45.563198 39.054390
v -4.155746 40.491570 39.024353
v -4.629641 40.957348 39.818714
v -0.253967 46.037308 39.961052
v -5.626310 39.236187 39.029804
v -5.929141 39.477932 39.540138
v -0.433364 46.127357 38.367992
v -0.968222 46.601479 39.274647
v -5.267793 41.515224 39.220444
v -4.782987 41.047375 38.373390
v -6.325512 39.813919 39.173401
v -6.026173 39.572170 38.643364
v -5.267793 41.515224 39.220444
v -0.968222 46.601479 39.274647
v -6.325512 39.813919 39.173401
v -5.626310 39.236187 39.029804
v -4.155746 40.491570 39.024353
v 0.280904 45.563198 39.054390
v 19.115709 69.283020 38.982708
v 18.076727 68.979782 39.064365
v 19.337887 67.938385 38.740448
v 19.473501 68.912994 38.919624
v 18.076727 68.979782 39.064365
v -0.742950 48.277534 38.727222
v 1.755846 46.100380 38.286613
v 19.337887 67.938385 38.740448
v 19.049404 69.263611 39.197483
v 19.506147 68.893097 39.116947
v 19.403225 67.898590 39.135098
v 18.123669 68.930038 39.360718
v 18.123669 68.930038 39.360718
v 19.403225 67.898590 39.135098
v 1.893898 46.009186 39.582321
v -0.605846 48.186443 40.023094
v 19.115709 69.283020 38.982708
v 19.473501 68.912994 38.919624
v 19.506147 68.893097 39.116947
v 19.049404 69.263611 39.197483
v 19.473501 68.912994 38.919624
v 19.337887 67.938385 38.740448
v 19.403225 67.898590 39.135098
v 19.506147 68.893097 39.116947
v 19.337887 67.938385 38.740448
v 1.755846 46.100380 38.286613
v 1.893898 46.009186 39.582321
v 19.403225 67.898590 39.135098
v -0.742950 48.277534 38.727222
v 18.076727 68.979782 39.064365
v 18.123669 68.930038 39.360718
v -0.605846 48.186443 40.023094
v 18.076727 68.979782 39.064365
v 19.115709 69.283020 38.982708
v 19.049404 69.263611 39.197483
v 18.123669 68.930038 39.360718
v 1.419606 46.242367 38.650532
v -0.742950 48.277534 38.727222
v -0.545462 47.960354 38.997017
v 1.755846 46.100380 38.286613
v -0.605846 48.186443 40.023094
v 1.893898 46.009186 39.582321
v 1.518635 46.244789 39.343872
v -0.473375 47.865086 39.695114
v 1.518635 46.244789 39.343872
v -0.545462 47.960354 38.997017
# 875 vertices

vt 0.394531 0.513672
vt 0.453125 0.517578
vt 0.447266 0.449219
vt 0.394531 0.449219
vt 0.341797 0.449219
vt 0.337891 0.517578
vt 0.445313 0.416016
vt 0.511719 0.451172
vt 0.537109 0.433594
vt 0.277344 0.451172
vt 0.345703 0.416016
vt 0.251953 0.433594
vt 0.925781 0.226563
vt 0.849609 0.234375
vt 0.857422 0.187500
vt 0.857422 0.140625
vt 0.925781 0.150391
vt 0.726563 0.320313
vt 0.851563 0.406250
vt 0.726563 0.417969
vt 0.851563 0.302734
vt 0.851563 0.085938
vt 0.728516 0.126953
vt 0.728516 0.089844
vt 0.851563 0.003906
vt 0.726563 0.013672
vt 0.925781 0.300781
vt 0.925781 0.421875
vt 0.925781 0.091797
vt 0.925781 0.017578
vt 0.962891 0.433594
vt 0.962891 0.300781
vt 0.962891 0.220703
vt 0.962891 0.158203
vt 0.962891 0.099609
vt 0.960938 0.025391
vt 0.990234 0.302734
vt 0.990234 0.445313
vt 0.990234 0.216797
vt 0.990234 0.150391
vt 0.990234 0.105469
vt 0.990234 0.044922
vt 0.761719 0.263672
vt 0.726563 0.291016
vt 0.738281 0.265625
vt 0.962891 0.156250
vt 0.990234 0.214844
vt 0.726563 0.289063
vt 0.037109 0.304688
vt 0.011719 0.320313
vt 0.031250 0.257813
vt 0.220703 0.103516
vt 0.218750 0.154297
vt 0.246094 0.162109
vt 0.222656 0.261719
vt 0.218750 0.230469
vt 0.197266 0.261719
vt 0.058594 0.259766
vt 0.037109 0.378906
vt 0.058594 0.416016
vt 0.037109 0.417969
vt 0.197266 0.103516
vt 0.171875 0.169922
vt 0.193359 0.232422
vt 0.193359 0.154297
vt 0.171875 0.208984
vt 0.087891 0.367188
vt 0.062500 0.378906
vt 0.085938 0.392578
vt 0.062500 0.312500
vt 0.085938 0.314453
vt 0.203125 0.070313
vt 0.238281 0.013672
vt 0.203125 0.013672
vt 0.242188 0.070313
vt 0.257813 0.041016
vt 0.167969 0.316406
vt 0.234375 0.369141
vt 0.171875 0.369141
vt 0.015625 0.208984
vt 0.087891 0.205078
vt 0.013672 0.164063
vt 0.083984 0.160156
vt 0.144531 0.396484
vt 0.169922 0.128906
vt 0.107422 0.128906
vt 0.236328 0.421875
vt 0.238281 0.486328
vt 0.214844 0.484375
vt 0.185547 0.472656
vt 0.205078 0.507813
vt 0.171875 0.490234
vt 0.085938 0.291016
vt 0.167969 0.289063
vt 0.070313 0.054688
vt 0.072266 0.101563
vt 0.093750 0.093750
vt 0.080078 0.029297
vt 0.041016 0.048828
vt 0.013672 0.115234
vt 0.234375 0.287109
vt 0.234375 0.308594
vt 0.169922 0.076172
vt 0.166016 0.007813
vt 0.107422 0.044922
vt 0.123047 0.017578
vt 0.185547 0.431641
vt 0.158203 0.431641
vt 0.011719 0.048828
vt 0.125000 0.076172
vt 0.050781 0.013672
vt 0.011719 0.013672
vt 0.238281 0.509766
vt 0.087891 0.230469
vt 0.015625 0.236328
vt 0.171875 0.234375
vt 0.246094 0.160156
vt 0.244141 0.201172
vt 0.011719 0.345703
vt 0.011719 0.375000
vt 0.011719 0.294922
vt 0.244141 0.226563
vt 0.531250 0.306641
vt 0.490234 0.306641
vt 0.496094 0.357422
vt 0.531250 0.359375
vt 0.978516 0.843750
vt 0.982422 0.744141
vt 0.937500 0.744141
vt 0.921875 0.830078
vt 0.664063 0.843750
vt 0.716797 0.830078
vt 0.701172 0.744141
vt 0.664063 0.738281
vt 0.873047 0.818359
vt 0.892578 0.976563
vt 0.933594 0.986328
vt 0.705078 0.986328
vt 0.748047 0.976563
vt 0.767578 0.818359
vt 0.898438 0.750000
vt 0.742188 0.750000
vt 0.449219 0.609375
vt 0.468750 0.716797
vt 0.550781 0.720703
vt 0.537109 0.662109
vt 0.339844 0.609375
vt 0.251953 0.662109
vt 0.234375 0.720703
vt 0.320313 0.716797
vt 0.363281 0.804688
vt 0.394531 0.714844
vt 0.298828 0.822266
vt 0.427734 0.804688
vt 0.492188 0.822266
vt 0.562500 0.835938
vt 0.228516 0.835938
vt 0.507813 0.978516
vt 0.552734 0.976563
vt 0.281250 0.976563
vt 0.240234 0.974609
vt 0.462891 0.367188
vt 0.455078 0.316406
vt 0.417969 0.320313
vt 0.416016 0.386719
vt 0.394531 0.609375
vt 0.328125 0.316406
vt 0.375000 0.316406
vt 0.373047 0.365234
vt 0.326172 0.349609
vt 0.373047 0.367188
vt 0.341797 0.207031
vt 0.388672 0.205078
vt 0.462891 0.187500
vt 0.494141 0.187500
vt 0.570313 0.433594
vt 0.572266 0.460938
vt 0.689453 0.300781
vt 0.666016 0.240234
vt 0.708984 0.250000
vt 0.630859 0.236328
vt 0.658203 0.304688
vt 0.611328 0.324219
vt 0.580078 0.201172
vt 0.539063 0.210938
vt 0.558594 0.451172
vt 0.554688 0.414063
vt 0.544922 0.457031
vt 0.542969 0.476563
vt 0.589844 0.460938
vt 0.572266 0.496094
vt 0.591797 0.498047
vt 0.630859 0.453125
vt 0.625000 0.416016
vt 0.654297 0.445313
vt 0.652344 0.398438
vt 0.634766 0.490234
vt 0.654297 0.478516
vt 0.654297 0.513672
vt 0.638672 0.529297
vt 0.595703 0.544922
vt 0.535156 0.150391
vt 0.533203 0.119141
vt 0.572266 0.146484
vt 0.556641 0.117188
vt 0.570313 0.533203
vt 0.621094 0.361328
vt 0.640625 0.357422
vt 0.583984 0.367188
vt 0.562500 0.472656
vt 0.542969 0.210938
vt 0.568359 0.146484
vt 0.576172 0.201172
vt 0.539063 0.150391
vt 0.535156 0.123047
vt 0.558594 0.128906
vt 0.617188 0.113281
vt 0.568359 0.111328
vt 0.566406 0.029297
vt 0.634766 0.013672
vt 0.621094 0.171875
vt 0.576172 0.162109
vt 0.666016 0.105469
vt 0.687500 0.042969
vt 0.666016 0.166016
vt 0.613281 0.318359
vt 0.652344 0.300781
vt 0.712891 0.066406
vt 0.714844 0.125000
vt 0.716797 0.175781
vt 0.554688 0.480469
vt 0.544922 0.115234
vt 0.656250 0.304688
vt 0.537109 0.210938
vt 0.654297 0.447266
vt 0.654297 0.480469
vt 0.570313 0.144531
vt 0.533203 0.117188
vt 0.554688 0.117188
vt 0.582031 0.367188
vt 0.568359 0.113281
vt 0.435547 0.216797
vt 0.359375 0.162109
vt 0.400391 0.160156
vt 0.392578 0.013672
vt 0.378906 0.013672
vt 0.318359 0.181641
vt 0.457031 0.015625
vt 0.441406 0.015625
vt 0.427734 0.015625
vt 0.433594 0.160156
vt 0.410156 0.015625
vt 0.277344 0.306641
vt 0.275391 0.359375
vt 0.433594 0.216797
vt 0.912109 0.500000
vt 0.822266 0.453125
vt 0.822266 0.515625
vt 0.902344 0.464844
vt 0.906250 0.542969
vt 0.822266 0.595703
vt 0.822266 0.695313
vt 0.898438 0.697266
vt 0.904297 0.597656
vt 0.203125 0.669922
vt 0.130859 0.585938
vt 0.134766 0.675781
vt 0.226563 0.617188
vt 0.822266 0.429688
vt 0.867188 0.439453
vt 0.822266 0.753906
vt 0.820313 0.783203
vt 0.841797 0.800781
vt 0.195313 0.976563
vt 0.136719 0.843750
vt 0.148438 0.978516
vt 0.187500 0.847656
vt 0.990234 0.984375
vt 0.849609 0.957031
vt 0.394531 0.781250
vt 0.337891 0.976563
vt 0.367188 0.976563
vt 0.189453 0.722656
vt 0.136719 0.734375
vt 0.259766 0.515625
vt 0.974609 0.484375
vt 0.974609 0.582031
vt 0.945313 0.685547
vt 0.980469 0.681641
vt 0.394531 0.406250
vt 0.958984 0.455078
vt 0.728516 0.500000
vt 0.738281 0.464844
vt 0.734375 0.542969
vt 0.742188 0.697266
vt 0.736328 0.597656
vt 0.609375 0.671875
vt 0.664063 0.673828
vt 0.671875 0.582031
vt 0.572266 0.617188
vt 0.773438 0.439453
vt 0.798828 0.800781
vt 0.609375 0.976563
vt 0.658203 0.980469
vt 0.603516 0.845703
vt 0.791016 0.957031
vt 0.453125 0.976563
vt 0.421875 0.976563
vt 0.605469 0.724609
vt 0.531250 0.515625
vt 0.570313 0.615234
vt 0.539063 0.662109
vt 0.666016 0.484375
vt 0.691406 0.685547
vt 0.683594 0.455078
vt 0.455078 0.386719
vt 0.384766 0.359375
vt 0.369141 0.281250
vt 0.472656 0.367188
vt 0.537109 0.390625
vt 0.625000 0.281250
vt 0.609375 0.363281
vt 0.521484 0.367188
vt 0.488281 0.675781
vt 0.482422 0.691406
vt 0.427734 0.687500
vt 0.500000 0.679688
vt 0.500000 0.691406
vt 0.472656 0.707031
vt 0.500000 0.710938
vt 0.511719 0.679688
vt 0.566406 0.687500
vt 0.517578 0.691406
vt 0.529297 0.707031
vt 0.142578 0.472656
vt 0.218750 0.632813
vt 0.171875 0.789063
vt 0.263672 0.203125
vt 0.107422 0.683594
vt 0.007813 0.898438
vt -0.031250 0.738281
vt 0.107422 0.929688
vt 0.488281 0.660156
vt 0.478516 0.640625
vt 0.468750 0.718750
vt 0.500000 0.734375
vt 0.468750 0.734375
vt 0.500000 0.746094
vt 0.500000 0.660156
vt 0.500000 0.539063
vt 0.500000 0.593750
vt 0.470703 0.558594
vt 0.476563 0.531250
vt 0.500000 0.503906
vt 0.445313 0.574219
vt 0.439453 0.492188
vt 0.484375 0.417969
vt 0.498047 0.386719
vt 0.498047 0.335938
vt 0.244141 0.929688
vt 0.341797 0.675781
vt 0.382813 0.910156
vt 0.498047 0.882813
vt 0.378906 0.496094
vt 0.480469 0.609375
vt 0.328125 0.445313
vt 0.500000 0.605469
vt 0.500000 0.640625
vt 0.498047 1.000000
vt 0.496094 1.085938
vt 0.355469 0.109375
vt 0.494141 0.109375
vt 0.013672 1.035156
vt 0.128906 0.953125
vt 0.494141 1.125000
vt 0.218750 0.093750
vt 0.240234 0.003906
vt 0.390625 0.031250
vt 0.492188 0.023438
vt 0.080078 0.585938
vt -0.048828 0.460938
vt 0.074219 0.046875
vt 0.011719 -0.027344
vt -0.007813 0.550781
vt 0.107422 0.437500
vt 0.769531 0.632813
vt 0.880859 0.472656
vt 0.853516 0.792969
vt 0.726563 0.203125
vt 0.240234 0.726563
vt 0.207031 0.894531
vt 0.511719 0.660156
vt 0.521484 0.644531
vt 0.531250 0.718750
vt 0.533203 0.734375
vt 0.527344 0.570313
vt 0.521484 0.531250
vt 0.554688 0.566406
vt 0.515625 0.417969
vt 0.550781 0.496094
vt 0.744141 0.929688
vt 0.646484 0.675781
vt 0.605469 0.910156
vt 0.615234 0.496094
vt 0.519531 0.609375
vt 0.667969 0.445313
vt 0.632813 0.109375
vt 1.042969 1.035156
vt 0.921875 0.953125
vt 0.806641 0.093750
vt 0.738281 0.015625
vt 0.597656 0.019531
vt 0.970703 0.593750
vt 1.093750 0.468750
vt 0.978516 0.074219
vt 1.033203 -0.007813
vt 0.216797 0.523438
vt 0.054688 0.992188
vt 0.019531 0.945313
vt 0.292969 0.945313
vt 0.277344 0.988281
vt 0.050781 0.992188
vt 0.296875 0.945313
vt 0.078125 0.902344
vt 0.152344 0.605469
vt 0.246094 0.906250
vt 0.078125 0.906250
vt 0.152344 0.609375
vt 0.542969 0.035156
vt 0.777344 0.062500
vt 0.789063 0.042969
vt 0.542969 0.007813
vt 0.964844 0.289063
vt 0.992188 0.281250
vt 0.894531 0.593750
vt 0.917969 0.605469
vt 0.726563 0.792969
vt 0.746094 0.808594
vt 0.542969 0.851563
vt 0.542969 0.878906
vt 0.304688 0.042969
vt 0.316406 0.062500
vt 0.089844 0.281250
vt 0.117188 0.285156
vt 0.183594 0.628906
vt 0.207031 0.625000
vt 0.332031 0.812500
vt 0.355469 0.796875
vt 0.703125 0.589844
vt 0.703125 0.429688
vt 0.628906 0.699219
vt 0.378906 0.589844
vt 0.457031 0.699219
vt 0.632813 0.558594
vt 0.601563 0.390625
vt 0.570313 0.457031
vt 0.542969 0.585938
vt 0.542969 0.656250
vt 0.515625 0.457031
vt 0.453125 0.558594
vt 0.484375 0.390625
vt 0.378906 0.429688
vt 0.457031 0.320313
vt 0.542969 0.269531
vt 0.628906 0.320313
vt 0.542969 0.753906
vt 0.379416 0.167859
vt 0.254304 0.801851
vt 0.378927 0.801851
vt 0.253815 0.167859
vt 0.628831 0.167859
vt 0.500574 0.167859
vt 0.498621 0.801851
vt 0.628342 0.801851
vt 0.753273 0.167859
vt 0.753273 0.801851
vt 0.877072 0.167859
vt 0.877072 0.801851
vt 1.002265 0.167859
vt 1.000801 0.801363
vt 0.126860 0.167859
vt -0.001153 0.167859
vt -0.000664 0.801851
vt 0.126372 0.801851
vt 0.460938 0.136719
vt 0.539063 0.238037
vt 0.539063 0.136719
vt 0.460938 0.238037
vt 0.574219 0.037109
vt 0.433594 0.037109
vt 0.503906 0.769531
vt 0.503906 0.500000
vt 0.601563 0.750000
vt 0.402344 0.753906
vt 0.308594 0.699219
vt 0.253906 0.605469
vt 0.234375 0.500000
vt 0.253906 0.398438
vt 0.312500 0.312500
vt 0.398438 0.253906
vt 0.503906 0.234375
vt 0.605469 0.253906
vt 0.691406 0.312500
vt 0.750000 0.402344
vt 0.769531 0.500000
vt 0.753906 0.601563
vt 0.695313 0.695313
vt 0.501953 0.500977
vt 0.501953 0.629883
vt 0.587891 0.590820
vt 0.412109 0.590820
vt 0.373047 0.500977
vt 0.412109 0.415039
vt 0.501953 0.375977
vt 0.587891 0.415039
vt 0.626953 0.500977
vt 0.162109 0.550781
vt 0.162109 0.568359
vt 0.177734 0.568359
vt 0.177734 0.550781
vt 0.099609 0.867188
vt 0.099609 0.853516
vt 0.105469 0.859375
vt 0.091797 0.859375
vt 0.025391 0.550781
vt 0.009766 0.568359
vt 0.025391 0.568359
vt 0.009766 0.550781
vt 0.099609 0.871094
vt 0.105469 0.908203
vt 0.109375 0.859375
vt 0.099609 0.914063
vt 0.093750 0.574219
vt 0.093750 0.550781
vt 0.099609 0.912109
vt 0.103516 0.908203
vt 0.093750 0.908203
vt 0.087891 0.859375
vt 0.099609 0.806641
vt 0.093750 0.810547
vt 0.099609 0.849609
vt 0.099609 0.804688
vt 0.103516 0.810547
vt 0.105469 0.810547
vt 0.117188 0.542969
vt 0.082031 0.447266
vt 0.070313 0.542969
vt 0.107422 0.447266
vt 0.064453 0.501953
vt 0.064453 0.542969
vt 0.123047 0.501953
vt 0.111328 0.441406
vt 0.123047 0.503906
vt 0.123047 0.542969
vt 0.078125 0.441406
vt 0.095703 0.431641
vt 0.113281 0.744141
vt 0.093750 0.744141
vt 0.093750 0.767578
vt 0.093750 0.734375
vt 0.076172 0.742188
vt 0.093750 0.769531
vt 0.111328 0.574219
vt 0.093750 0.720703
vt 0.111328 0.720703
vt 0.093750 0.732422
vt 0.105469 0.732422
vt 0.111328 0.576172
vt 0.078125 0.720703
vt 0.078125 0.574219
vt 0.082031 0.732422
vt 0.011719 0.982422
vt 0.064453 0.982422
vt 0.023438 0.992188
vt 0.068359 0.970703
vt 0.007813 0.582031
vt 0.068359 0.582031
vt 0.007813 0.970703
vt 0.013672 0.982422
vt 0.041016 0.873047
vt 0.035156 0.886719
vt 0.041016 0.886719
vt 0.035156 0.873047
vt 0.037109 0.992188
vt 0.041016 0.982422
vt 0.037109 0.982422
vt 0.041016 0.992188
vt 0.037109 0.970703
vt 0.042969 0.580078
vt 0.033203 0.580078
vt 0.041016 0.970703
vt 0.052734 0.931641
vt 0.052734 0.824219
vt 0.064453 0.810547
vt 0.064453 0.947266
vt 0.011719 0.810547
vt 0.025391 0.931641
vt 0.011719 0.947266
vt 0.025391 0.824219
vt 0.039063 0.931641
vt 0.039063 0.824219
# 601 texture coordinates

vn -0.982730 0.185044 0.000000
vn -0.974946 0.173534 0.139160
vn -0.830221 0.545772 0.113432
vn -0.829150 0.559027 0.000001
vn -0.830643 0.545355 -0.112342
vn -0.974947 0.173533 -0.139160
vn -0.498405 0.850276 0.169184
vn -0.680935 0.701220 0.211229
vn -0.491207 0.854830 0.167274
vn -0.682123 0.701011 -0.208067
vn -0.498318 0.850676 -0.167421
vn -0.490583 0.855615 -0.165078
vn 0.506503 -0.361717 0.782697
vn 0.714828 -0.699300 0.000000
vn 0.342930 -0.939361 0.000000
vn -0.896814 -0.442408 -0.000000
vn -0.490587 -0.359216 0.793907
vn 0.540877 -0.112029 -0.833607
vn 0.466280 -0.180594 -0.866007
vn 0.368347 0.028881 -0.929240
vn 0.846122 -0.437365 -0.304614
vn -0.862515 -0.301161 -0.406657
vn -0.895543 -0.444976 -0.000000
vn -0.746766 -0.140411 -0.650097
vn -0.623271 -0.123023 -0.772268
vn -0.612613 -0.092849 -0.784910
vn 0.767412 -0.486809 -0.417248
vn 0.466888 -0.349285 -0.812413
vn -0.932910 -0.342043 -0.112632
vn -0.653652 -0.310668 -0.690090
vn 0.462986 -0.318043 -0.827340
vn 0.896665 -0.386814 -0.215330
vn 0.579279 -0.378384 0.721985
vn -0.444278 -0.223171 0.867648
vn -0.910328 -0.256883 -0.324522
vn -0.639702 -0.302052 -0.706786
vn 0.748627 -0.269526 -0.605734
vn 0.421367 -0.261119 -0.868485
vn 0.780339 -0.222214 0.584545
vn -0.222490 -0.126107 0.966745
vn -0.987907 0.146516 0.050722
vn -0.625746 -0.040563 -0.778971
vn 0.817584 -0.575809 -0.000000
vn 0.866668 -0.281274 -0.412034
vn 0.956054 -0.293190 -0.000000
vn 0.506503 -0.361717 -0.782697
vn -0.490587 -0.359216 -0.793907
vn 0.540877 -0.112030 0.833607
vn 0.368347 0.028880 0.929240
vn 0.466280 -0.180595 0.866007
vn 0.846122 -0.437365 0.304614
vn -0.746766 -0.140412 0.650096
vn -0.862515 -0.301162 0.406657
vn -0.623271 -0.123024 0.772268
vn -0.612613 -0.092850 0.784910
vn 0.767412 -0.486809 0.417248
vn 0.466887 -0.349286 0.812414
vn -0.932910 -0.342043 0.112632
vn -0.653653 -0.310668 0.690089
vn 0.462985 -0.318044 0.827341
vn 0.896664 -0.386815 0.215330
vn 0.579279 -0.378384 -0.721984
vn -0.444277 -0.223170 -0.867648
vn -0.910328 -0.256883 0.324522
vn -0.639702 -0.302053 0.706786
vn 0.748626 -0.269528 0.605734
vn 0.421366 -0.261121 0.868485
vn 0.780339 -0.222214 -0.584544
vn -0.222489 -0.126106 -0.966745
vn -0.987907 0.146517 -0.050722
vn -0.625747 -0.040564 0.778971
vn 0.866667 -0.281275 0.412034
vn -0.567356 0.151435 0.809428
vn -0.406829 0.673662 0.616984
vn -0.698340 0.462960 0.545885
vn 0.120771 0.606090 0.786174
vn -0.912372 0.198919 -0.357783
vn -0.624310 0.275544 -0.730967
vn -0.882981 -0.349508 -0.313352
vn -0.715366 -0.276826 0.641576
vn 0.570721 0.190904 0.798644
vn 0.847314 -0.328637 0.417201
vn 0.888848 0.265143 0.373697
vn 0.752390 0.162066 -0.638470
vn 0.725615 -0.260459 -0.636902
vn 0.416758 0.272464 -0.867224
vn 0.049190 -0.447822 -0.892769
vn -0.528838 -0.449007 -0.720224
vn 0.232845 -0.437820 -0.868388
vn -0.667195 -0.520665 -0.532690
vn 0.419995 -0.487949 0.765186
vn 0.531489 -0.325546 0.782010
vn 0.892151 -0.296865 0.340495
vn -0.277214 -0.442360 0.852919
vn -0.428626 -0.417971 0.800987
vn -0.001230 -0.999999 0.000209
vn -0.006002 -0.999982 0.000928
vn -0.008498 -0.999963 0.001303
vn -0.016014 -0.999869 0.002454
vn -0.315658 0.020249 0.948657
vn 0.111585 0.152188 0.982032
vn 0.449876 0.175952 0.875587
vn -0.843435 0.072598 -0.532303
vn -0.658016 -0.000612 -0.753004
vn -0.276290 0.127803 -0.952539
vn 0.103496 0.187134 -0.976867
vn 0.687020 0.585157 0.430806
vn 0.690734 -0.423834 -0.585877
vn 0.522354 0.600913 -0.605021
vn 0.138732 0.120335 0.982992
vn 0.822295 -0.089131 0.562038
vn 0.558394 0.253585 0.789868
vn 0.488158 0.737048 0.467400
vn 0.921078 0.232683 0.312207
vn 0.562215 0.758074 0.330513
vn -0.721557 -0.383344 0.576544
vn -0.805327 0.047960 0.590888
vn 0.332308 0.704515 -0.627081
vn 0.026932 0.626806 -0.778710
vn 0.189679 0.919155 -0.345218
vn 0.429011 0.767215 -0.476792
vn 0.400527 0.182267 -0.897974
vn -0.153316 0.148943 -0.976888
vn -0.858215 0.060723 0.509686
vn -0.585241 0.115295 0.802621
vn 0.002287 -0.999997 0.000123
vn 0.003099 -0.999993 -0.002003
vn 0.005707 -0.999983 -0.001208
vn 0.005595 -0.999975 -0.004271
vn 0.247940 0.637024 0.729881
vn 0.293903 0.911012 0.289271
vn 0.434224 -0.006294 -0.900783
vn 0.007142 -0.999973 0.001931
vn 0.722035 0.279549 -0.632865
vn 0.787608 -0.021220 -0.615811
vn 0.964286 -0.045330 0.260956
vn -0.971315 0.015661 -0.237279
vn -0.971566 0.053222 -0.230710
vn -0.923327 -0.305310 -0.232925
vn 0.538299 0.538696 -0.648106
vn -0.102474 0.696793 -0.709915
vn 0.672761 0.495576 0.549361
vn 0.819377 0.542564 0.185053
vn -0.606934 0.687289 0.399081
vn -0.655849 0.597926 -0.460811
vn -0.567355 0.151436 -0.809429
vn -0.698339 0.462960 -0.545886
vn -0.406827 0.673663 -0.616985
vn 0.120772 0.606089 -0.786174
vn -0.912372 0.198921 0.357783
vn -0.882981 -0.349507 0.313351
vn -0.624311 0.275545 0.730966
vn -0.715365 -0.276825 -0.641577
vn 0.570722 0.190903 -0.798644
vn 0.888848 0.265142 -0.373696
vn 0.847314 -0.328638 -0.417201
vn 0.725614 -0.260459 0.636902
vn 0.752390 0.162065 0.638471
vn 0.416757 0.272463 0.867224
vn 0.049188 -0.447822 0.892769
vn 0.232843 -0.437820 0.868388
vn -0.528839 -0.449006 0.720224
vn -0.667196 -0.520665 0.532689
vn 0.419996 -0.487949 -0.765186
vn 0.531490 -0.325546 -0.782009
vn 0.892152 -0.296865 -0.340493
vn -0.428626 -0.417971 -0.800987
vn -0.277213 -0.442360 -0.852919
vn -0.006002 -0.999982 -0.000925
vn -0.008498 -0.999963 -0.001300
vn -0.016013 -0.999869 -0.002451
vn -0.315653 0.020247 -0.948659
vn 0.449881 0.175949 -0.875585
vn 0.111591 0.152185 -0.982032
vn -0.843440 0.072597 0.532296
vn -0.276296 0.127806 0.952537
vn -0.658020 -0.000612 0.753000
vn 0.103493 0.187136 0.976867
vn 0.687023 0.585154 -0.430805
vn 0.690732 -0.423834 0.585879
vn 0.522350 0.600913 0.605024
vn 0.138735 0.120332 -0.982992
vn 0.558400 0.253571 -0.789868
vn 0.822295 -0.089151 -0.562035
vn 0.488173 0.737038 -0.467399
vn 0.921086 0.232661 -0.312201
vn 0.562232 0.758062 -0.330509
vn -0.721556 -0.383344 -0.576546
vn -0.805323 0.047958 -0.590894
vn 0.332322 0.704507 0.627082
vn 0.189691 0.919152 0.345219
vn 0.026939 0.626806 0.778709
vn 0.429026 0.767205 0.476795
vn 0.400530 0.182257 0.897975
vn -0.153316 0.148944 0.976888
vn -0.585235 0.115291 -0.802626
vn -0.858210 0.060721 -0.509695
vn 0.003083 -0.999993 0.002005
vn 0.005687 -0.999983 0.001208
vn 0.005574 -0.999975 0.004272
vn 0.247947 0.637020 -0.729882
vn 0.293914 0.911009 -0.289271
vn 0.434222 -0.006306 0.900784
vn 0.007122 -0.999973 -0.001934
vn 0.722038 0.279532 0.632869
vn 0.787604 -0.021239 0.615815
vn 0.964286 -0.045353 -0.260951
vn -0.971317 0.015659 0.237273
vn -0.971568 0.053219 0.230701
vn -0.923327 -0.305310 0.232923
vn 0.538298 0.538696 0.648106
vn -0.102475 0.696793 0.709915
vn 0.672762 0.495576 -0.549360
vn 0.819378 0.542563 -0.185052
vn -0.606933 0.687289 -0.399081
vn -0.655849 0.597927 0.460810
vn 0.939201 0.006002 -0.343315
vn 0.714348 0.632685 -0.299025
vn 0.803455 0.352823 -0.479557
vn 0.850163 0.039442 -0.525040
vn 0.805614 0.354849 0.474413
vn 0.715768 0.633114 0.294691
vn 0.939974 0.007038 0.341174
vn 0.850568 0.043543 0.524059
vn 0.570145 0.030091 -0.820993
vn 0.489816 0.052918 -0.870218
vn 0.607894 0.026952 -0.793560
vn 0.757082 -0.053391 -0.651135
vn 0.320503 0.052365 0.945799
vn 0.757081 -0.053391 0.651135
vn 0.607894 0.026951 0.793561
vn 0.363487 0.058908 0.929735
vn 0.920763 -0.128970 -0.368188
vn 0.903563 -0.066822 -0.423213
vn 0.747722 -0.067982 -0.660523
vn 0.747721 -0.067982 0.660523
vn 0.903562 -0.066822 0.423214
vn 0.920763 -0.128971 0.368188
vn 0.876847 -0.100272 -0.470196
vn 0.876847 -0.100273 0.470196
vn -0.933058 0.120059 0.339099
vn -0.933818 0.083884 0.347774
vn -0.626560 0.129440 0.768549
vn -0.673580 0.244451 0.697520
vn -0.933058 0.120058 -0.339099
vn -0.488868 0.191121 -0.851165
vn -0.626561 0.129439 -0.768549
vn -0.933818 0.083884 -0.347775
vn -0.959331 0.082034 -0.270100
vn -0.990240 0.139373 -0.000001
vn -0.873586 0.072661 -0.481216
vn -0.959332 0.082034 0.270099
vn -0.873586 0.072660 0.481215
vn -0.563180 0.085286 0.821921
vn -0.563180 0.085286 -0.821921
vn -0.863904 0.095943 0.494434
vn -0.495719 0.111551 0.861289
vn -0.863904 0.095943 -0.494434
vn -0.495718 0.111551 -0.861290
vn -0.065817 0.984818 -0.160628
vn 0.027632 0.994039 -0.105462
vn -0.801723 0.597665 -0.006070
vn -0.781259 0.623210 0.035270
vn -0.064869 0.985452 0.157089
vn -0.781446 0.622973 -0.035307
vn -0.801773 0.597598 0.006046
vn 0.027955 0.994165 0.104183
vn -0.989769 0.142677 -0.000000
vn -0.304700 -0.820366 0.483898
vn -0.983181 -0.181819 -0.017247
vn -0.997842 -0.063992 0.014726
vn -0.313254 -0.617029 0.721906
vn -0.304699 -0.820366 -0.483899
vn -0.313253 -0.617028 -0.721907
vn -0.997865 -0.063714 -0.014364
vn -0.983180 -0.181820 0.017246
vn -0.426443 -0.817871 -0.386308
vn -0.967881 0.236843 -0.084330
vn -0.426445 -0.817869 0.386309
vn -0.967880 0.236846 0.084331
vn 0.827294 0.555277 0.085156
vn 0.885139 -0.431036 0.175319
vn 0.827292 0.555280 -0.085156
vn 0.885143 -0.431029 -0.175319
vn -0.231398 -0.950224 -0.208636
vn 0.673342 -0.729055 0.122841
vn 0.237195 -0.227122 -0.944539
vn -0.723707 0.690084 -0.005649
vn -0.526470 0.849104 -0.043035
vn -0.709432 0.701087 0.071987
vn 0.244887 0.966389 -0.078250
vn -0.200294 0.974354 -0.102552
vn 0.578808 0.815354 -0.013371
vn 0.681893 0.723919 -0.104704
vn 0.673751 0.732257 -0.099294
vn -0.934388 -0.222076 -0.278571
vn -0.578791 -0.811542 0.080000
vn -0.652725 -0.755203 0.060156
vn -0.853402 -0.437360 -0.283586
vn 0.464148 -0.885320 0.027848
vn 0.810836 -0.578113 -0.091270
vn 0.401133 -0.812673 -0.422675
vn -0.352567 -0.935154 -0.034402
vn -0.228047 -0.970026 0.083931
vn -0.691401 -0.722068 -0.024152
vn -0.604853 -0.736112 0.303797
vn -0.508037 -0.741554 -0.438173
vn -0.765173 -0.642488 -0.041459
vn -0.773526 -0.480056 -0.413767
vn -0.453572 -0.485490 -0.747377
vn -0.043042 -0.447077 -0.893459
vn 0.620652 0.750162 -0.228139
vn 0.507413 0.796938 -0.327752
vn 0.533547 0.786744 -0.310421
vn 0.422789 0.814878 -0.396514
vn 0.703938 -0.289247 -0.648696
vn -0.320566 -0.913534 0.250386
vn -0.587994 -0.635431 0.500491
vn 0.083939 -0.864300 0.495922
vn -0.638276 0.611176 -0.468046
vn 0.796594 -0.500539 0.338967
vn 0.838420 -0.544460 0.024803
vn 0.843208 -0.316526 0.434525
vn 0.838643 -0.544473 0.015085
vn 0.682423 -0.454850 -0.572198
vn 0.559945 -0.381777 -0.735328
vn 0.191630 0.952604 -0.236270
vn 0.677968 0.730531 -0.081754
vn 0.430618 0.860313 -0.272819
vn -0.050339 0.927096 -0.371429
vn 0.471038 0.876767 -0.096969
vn 0.743232 0.666233 -0.061157
vn -0.316531 0.932392 -0.174509
vn -0.214766 0.925540 -0.311852
vn -0.288150 0.951982 -0.103437
vn 0.838009 -0.211937 0.502816
vn 0.855949 0.059917 0.513577
vn -0.352152 0.925055 -0.142347
vn -0.432985 0.901195 0.019274
vn -0.583082 0.812411 0.001805
vn -0.823339 0.312095 -0.474036
vn 0.113012 -0.077050 -0.990602
vn -0.255495 -0.941754 0.218681
vn 0.237197 -0.227141 0.944534
vn 0.606675 -0.784466 -0.128682
vn -0.723691 0.690101 0.005665
vn -0.709410 0.701111 -0.071972
vn -0.526453 0.849114 0.043049
vn 0.244890 0.966387 0.078265
vn -0.200280 0.974355 0.102573
vn 0.578807 0.815355 0.013382
vn 0.681889 0.723922 0.104713
vn 0.673748 0.732260 0.099294
vn -0.578782 -0.811549 -0.079994
vn -0.934387 -0.222083 0.278569
vn -0.652720 -0.755207 -0.060154
vn -0.853400 -0.437364 0.283586
vn 0.409876 -0.910252 -0.058681
vn 0.717997 -0.694470 0.046808
vn 0.376378 -0.853292 0.360877
vn -0.359017 -0.932897 0.028468
vn -0.677523 -0.735451 -0.008667
vn -0.202532 -0.976082 -0.079018
vn -0.552991 -0.786648 -0.274566
vn -0.498899 -0.728684 0.469169
vn -0.760943 -0.643947 0.079365
vn -0.475648 -0.399430 0.783719
vn -0.753124 -0.497572 0.430380
vn -0.023743 -0.500987 0.865129
vn 0.620648 0.750166 0.228137
vn 0.533542 0.786748 0.310420
vn 0.507408 0.796941 0.327752
vn 0.422782 0.814882 0.396514
vn 0.680902 -0.389351 0.620305
vn -0.317739 -0.920681 -0.226689
vn -0.588006 -0.635410 -0.500502
vn 0.083912 -0.864315 -0.495902
vn -0.638297 0.611166 0.468032
vn 0.796597 -0.500538 -0.338961
vn 0.843212 -0.316524 -0.434517
vn 0.838422 -0.544457 -0.024801
vn 0.838645 -0.544469 -0.015083
vn 0.682424 -0.454846 0.572200
vn 0.559945 -0.381773 0.735331
vn 0.212707 0.947983 0.236822
vn 0.468449 0.825012 0.316086
vn 0.701392 0.709045 0.072828
vn -0.056495 0.900321 0.431544
vn 0.478642 0.874252 0.081148
vn 0.743243 0.666221 0.061160
vn -0.335468 0.924033 0.183371
vn -0.240301 0.903441 0.355035
vn -0.283034 0.955840 0.079125
vn 0.838015 -0.211935 -0.502806
vn 0.855953 0.059922 -0.513570
vn -0.386610 0.907695 0.163166
vn -0.466387 0.884432 -0.016216
vn -0.588641 0.808356 -0.007936
vn -0.823341 0.312092 0.474033
vn 0.113008 -0.077046 0.990602
vn -0.320188 0.943554 -0.084771
vn -0.356068 -0.847231 -0.394227
vn -0.964639 0.091285 -0.247263
vn -0.930562 -0.268018 -0.249441
vn -0.197075 -0.932085 -0.303938
vn 0.317485 -0.900214 -0.298023
vn 0.094114 -0.969189 -0.227630
vn 0.914605 -0.391725 -0.100248
vn 0.660169 0.751117 0.000509
vn -0.270011 0.962598 -0.022336
vn -0.472413 0.878214 -0.074603
vn 0.464726 -0.783216 -0.413041
vn 0.496064 -0.643338 -0.583126
vn -0.320186 0.943555 0.084770
vn -0.356072 -0.847229 0.394227
vn -0.930565 -0.268009 0.249440
vn -0.964638 0.091290 0.247264
vn -0.197083 -0.932084 0.303939
vn 0.317483 -0.900215 0.298023
vn 0.914601 -0.391735 0.100247
vn 0.094089 -0.969192 0.227627
vn 0.660176 0.751111 -0.000510
vn -0.270006 0.962600 0.022336
vn -0.472404 0.878219 0.074601
vn 0.464724 -0.783217 0.413041
vn 0.496064 -0.643339 0.583126
vn 0.793526 0.445416 -0.414633
vn 0.648351 0.761341 -0.000001
vn 0.869172 0.494511 -0.000000
vn 0.470880 0.845156 -0.252949
vn 0.813608 0.283726 -0.507486
vn 0.954720 0.297505 -0.000000
vn 0.991356 0.131202 -0.000001
vn 0.872075 0.106776 -0.477581
vn 0.754984 0.225379 -0.615795
vn -0.158572 0.152300 -0.975530
vn -0.017510 0.137304 -0.990374
vn 0.015640 0.166013 -0.986000
vn -0.503081 -0.000237 -0.864239
vn 0.319050 0.947738 -0.000000
vn 0.295782 0.932800 -0.205906
vn 0.996453 -0.084150 -0.000000
vn 0.980581 -0.196115 0.000001
vn 0.954207 -0.153878 -0.256535
vn -0.107917 0.097347 -0.989382
vn 0.116676 0.066398 -0.990948
vn 0.207030 0.013556 -0.978241
vn -0.207708 0.065536 -0.975993
vn 0.641721 -0.037538 -0.766019
vn 0.941870 -0.077282 -0.326968
vn -0.994808 0.101772 -0.000000
vn -0.958131 0.075126 -0.276300
vn -0.945357 0.083668 -0.315119
vn -0.105264 0.165028 -0.980655
vn 0.160529 0.065729 -0.984840
vn -0.923662 0.118408 -0.364456
vn 0.651082 0.537071 -0.536328
vn 0.583548 0.155061 -0.797138
vn 0.571100 0.127782 -0.810874
vn 0.496801 0.127177 -0.858496
vn -0.593034 0.805178 0.000000
vn 0.301337 0.890493 -0.340909
vn 0.792222 0.445966 0.416531
vn 0.470072 0.844836 0.255507
vn 0.813608 0.283726 0.507486
vn 0.872076 0.106777 0.477580
vn 0.754984 0.225381 0.615794
vn -0.158572 0.152302 0.975530
vn 0.215618 0.155123 0.964078
vn 0.427623 0.157012 0.890217
vn -0.179718 -0.021358 0.983486
vn 0.295112 0.932618 0.207684
vn 0.954207 -0.153878 0.256535
vn -0.107917 0.097347 0.989382
vn 0.510330 -0.021057 0.859721
vn -0.207708 0.065535 0.975993
vn 0.941870 -0.077282 0.326968
vn -0.958131 0.075126 0.276300
vn -0.945357 0.083668 0.315118
vn -0.105264 0.165031 0.980655
vn -0.923137 0.119250 0.365511
vn -0.763321 0.020624 0.645690
vn -0.346123 0.148185 0.926413
vn 0.647006 0.536828 0.541479
vn 0.571099 0.127783 0.810874
vn 0.299763 0.889296 0.345390
vn 0.765177 -0.125896 -0.631391
vn 0.902785 -0.184050 -0.388721
vn 0.876686 -0.116000 -0.466867
vn 0.786540 0.219845 -0.577082
vn 0.765148 -0.125897 0.631426
vn 0.876665 -0.116000 0.466908
vn 0.902767 -0.184051 0.388763
vn 0.786513 0.219845 0.577118
vn 0.272663 -0.961771 -0.025526
vn 0.855347 -0.487530 -0.175200
vn 0.942475 -0.285827 -0.173328
vn 0.411162 -0.911562 0.000010
vn 0.973087 0.230438 0.000022
vn 0.765872 0.640367 -0.058050
vn 0.689684 0.724111 0.000015
vn 0.272663 -0.961771 0.025539
vn 0.942468 -0.285827 0.173372
vn 0.855340 -0.487530 0.175240
vn 0.765869 0.640367 0.058085
vn -0.037652 0.226238 -0.973344
vn 0.482434 0.001215 -0.875932
vn 0.001109 -0.249797 -0.968298
vn 0.380954 0.167760 -0.909247
vn 0.002678 0.999996 0.000000
vn 0.233083 0.962550 -0.138455
vn 0.028783 0.944996 -0.325814
vn 0.247805 0.968810 0.000006
vn 0.879663 -0.440655 -0.178932
vn 0.832751 -0.541330 -0.116137
vn 0.829988 -0.210042 -0.516722
vn 0.968331 0.056338 -0.243231
vn 0.934163 -0.122765 -0.335065
vn 0.816815 -0.425536 -0.389528
vn 0.991555 -0.129688 0.000023
vn 0.870276 -0.492564 0.000020
vn 0.780606 -0.454672 -0.428868
vn 0.780481 -0.625179 0.000018
vn 0.923509 -0.383576 0.000021
vn 0.838421 -0.545023 0.000020
vn 0.963002 -0.269495 0.000022
vn 0.480429 -0.877033 0.000012
vn 0.564044 -0.597661 -0.569786
vn 0.690241 0.144304 -0.709045
vn 0.956200 0.292714 0.000021
vn 0.648391 -0.069296 -0.758147
vn 0.792849 0.157258 -0.588779
vn 0.534119 0.323871 -0.780913
vn 0.798952 0.601395 0.000018
vn 0.929184 0.369616 0.000021
vn 0.444430 -0.593280 -0.671193
vn 0.754474 -0.122660 -0.644766
vn 0.790707 -0.392325 -0.469961
vn 0.928098 -0.372335 0.000021
vn 0.841505 0.048256 -0.538090
vn 0.831688 -0.288649 -0.474317
vn 0.742405 -0.076682 -0.665548
vn 0.868668 -0.495395 0.000021
vn 0.918474 0.395481 0.000022
vn 0.855532 -0.517749 0.000019
vn 0.642806 -0.766029 0.000015
vn 0.592937 0.554154 -0.584242
vn 0.935841 0.352421 0.000022
vn -0.616369 -0.650297 -0.444074
vn -0.263741 -0.765830 -0.586468
vn -0.000074 -1.000000 -0.000000
vn 0.064517 0.583380 -0.809633
vn 0.150478 0.791920 -0.591793
vn 0.513265 0.718562 -0.469285
vn 0.767186 0.641425 0.000018
vn -0.658589 -0.091265 -0.746948
vn -0.867276 0.145640 -0.476047
vn -0.521806 0.514496 -0.680450
vn -0.803062 0.408254 -0.434073
vn -0.228896 0.886773 -0.401548
vn -0.310760 0.950488 -0.000007
vn 0.482393 0.001214 0.875954
vn -0.037697 0.226237 0.973342
vn 0.001064 -0.249797 0.968298
vn 0.380911 0.167760 0.909265
vn 0.028768 0.944996 0.325815
vn 0.233077 0.962550 0.138466
vn 0.879654 -0.440656 0.178972
vn 0.829964 -0.210043 0.516761
vn 0.832744 -0.541332 0.116174
vn 0.968320 0.056340 0.243275
vn 0.816796 -0.425538 0.389566
vn 0.934146 -0.122771 0.335109
vn 0.780586 -0.454672 0.428904
vn 0.564018 -0.597661 0.569812
vn 0.690208 0.144305 0.709076
vn 0.648356 -0.069296 0.758177
vn 0.534082 0.323871 0.780938
vn 0.792821 0.157258 0.588816
vn 0.444399 -0.593280 0.671214
vn 0.754444 -0.122660 0.644801
vn 0.790685 -0.392326 0.469997
vn 0.841480 0.048256 0.538130
vn 0.831666 -0.288649 0.474355
vn 0.742374 -0.076682 0.665583
vn 0.592910 0.554154 0.584270
vn -0.616390 -0.650298 0.444045
vn -0.263768 -0.765830 0.586456
vn 0.064479 0.583379 0.809637
vn 0.150451 0.791919 0.591802
vn 0.513243 0.718561 0.469310
vn -0.658623 -0.091265 0.746918
vn -0.867298 0.145640 0.476007
vn -0.521838 0.514495 0.680426
vn -0.803083 0.408254 0.434036
vn -0.228914 0.886773 0.401537
vn 0.257966 -0.335671 0.905969
vn 0.313039 -0.137776 0.939694
vn 0.191714 -0.519020 0.832985
vn 0.268333 -0.332157 -0.904251
vn 0.204518 -0.509555 -0.835779
vn 0.321353 -0.141395 -0.936344
vn -0.957843 -0.287264 0.004147
vn -0.960921 -0.276698 0.008338
vn -0.954631 -0.297790 -0.000045
vn 0.298063 0.045716 -0.953451
vn 0.988371 0.151612 0.011682
vn 0.275963 0.042338 0.960235
vn -0.998076 0.062000 -0.000047
vn 0.263702 0.459508 0.848123
vn 0.289715 0.399822 0.869602
vn 0.236450 0.517034 0.822658
vn 0.278589 0.449351 -0.848806
vn 0.260295 0.488961 -0.832565
vn 0.296280 0.408768 -0.863208
vn -0.640548 0.767913 0.002750
vn -0.643941 0.765075 -0.000031
vn -0.637138 0.770729 0.005531
vn -0.968512 -0.248968 0.000494
vn -0.789212 -0.313482 -0.528085
vn -0.900130 -0.239878 -0.363628
vn -0.952439 -0.304729 0.000240
vn -0.016630 -0.561165 -0.827537
vn -0.369121 -0.429899 -0.823976
vn 0.609217 -0.469524 -0.639063
vn 0.456616 -0.468068 -0.756581
vn 0.849281 -0.382241 -0.364163
vn 0.813151 -0.356990 -0.459722
vn 0.894405 -0.447257 0.001122
vn 0.931885 -0.362752 0.001132
vn -0.900809 -0.233875 0.365849
vn -0.790308 -0.304361 0.531769
vn -0.370110 -0.416542 0.830368
vn -0.017115 -0.549677 0.835202
vn 0.456750 -0.457303 0.763055
vn 0.609045 -0.463555 0.643569
vn 0.812374 -0.355239 0.462443
vn 0.848313 -0.382836 0.365788
vn 0.231763 0.667724 -0.707411
vn 0.268455 0.506546 -0.819355
vn -0.208853 0.637426 -0.741666
vn -0.202411 0.758610 -0.619306
vn 0.544707 0.724720 -0.421989
vn 0.541703 0.588024 -0.600654
vn 0.231646 0.667216 0.707929
vn 0.268154 0.505301 0.820222
vn 0.540803 0.587777 0.601706
vn 0.543766 0.723925 0.424559
vn 0.112795 0.923911 -0.365604
vn -0.304370 0.911602 -0.276299
vn -0.096094 0.989969 -0.103577
vn 0.100049 0.994982 0.001014
vn 0.362671 0.931915 0.001850
vn -0.066931 0.988122 0.138328
vn 0.112449 0.923517 0.366703
vn -0.287843 0.927876 0.237052
vn -0.111718 0.623339 0.773930
vn -0.254609 0.741297 0.621009
vn -0.582499 0.650060 0.487971
vn -0.598138 0.678228 0.426894
vn -0.780085 0.625671 0.001649
vn -0.648489 0.761222 0.001816
vn -0.633917 0.649744 -0.419502
vn -0.581506 0.675421 -0.453496
vn 0.803050 0.595909 0.001968
vn 0.683778 0.729686 0.002431
vn 0.990602 0.000000 0.136774
vn 0.797175 -0.000001 0.603748
vn 0.990602 0.000000 -0.136773
vn 0.603750 -0.000001 0.797174
vn 0.136774 0.000002 -0.990602
vn 0.797175 0.000001 -0.603748
vn 0.603748 0.000001 -0.797175
vn -0.136773 0.000002 -0.990602
vn -0.603748 0.000001 -0.797175
vn -0.797175 0.000001 -0.603748
vn -0.990602 0.000000 -0.136774
vn -0.990602 -0.000000 0.136774
vn -0.923879 -0.000001 0.382684
vn -0.136773 -0.000002 0.990602
vn -0.382685 -0.000002 0.923879
vn 0.136776 -0.000002 0.990602
vn 0.005737 -0.999877 0.014608
vn 0.825358 -0.445215 -0.347229
vn 0.649362 -0.703199 -0.289551
vn -0.921443 0.003287 0.388500
vn -0.918966 0.005486 0.394299
vn -0.923879 0.001088 0.382684
vn 0.918677 0.002888 -0.395000
vn 0.923879 -0.001669 -0.382682
vn 0.401741 0.900018 0.169030
vn -0.004325 0.999990 0.001047
vn 0.402986 0.899721 -0.167647
vn 0.161894 0.898303 -0.408464
vn -0.165513 0.897751 -0.408227
vn -0.410028 0.897463 -0.162598
vn -0.409748 0.896162 0.170296
vn -0.173529 0.896769 0.407055
vn 0.161124 0.898616 0.408078
vn 0.550231 -0.185145 0.814228
vn 0.563960 -0.192060 0.803157
vn 0.698389 -0.447741 0.558373
vn 0.668826 -0.457042 0.586332
vn -0.311628 0.444288 -0.839938
vn -0.543974 0.582721 -0.603762
vn -0.536196 0.621695 -0.570954
vn -0.367016 0.386641 -0.846054
vn 0.618603 0.785663 0.007977
vn 0.709227 0.704865 0.012762
vn 0.635951 0.771579 0.015231
vn 0.656013 0.754512 0.018953
vn -0.082416 0.281373 0.956053
vn -0.357736 0.423350 0.832346
vn -0.128794 0.274818 0.952831
vn -0.357883 0.382936 0.851633
vn 0.522730 -0.271711 -0.808039
vn 0.321235 -0.015105 -0.946879
vn 0.525544 -0.271504 -0.806281
vn 0.311538 -0.035657 -0.949564
vn -0.460435 -0.887095 -0.032599
vn -0.423994 -0.884066 0.196609
vn -0.599672 -0.758889 0.253932
vn -0.465593 -0.882930 -0.060480
vn 0.260386 0.106904 0.959568
vn 0.306909 0.141954 0.941093
vn 0.566238 0.822828 0.048261
vn 0.575074 0.816640 0.048886
vn 0.021148 0.245811 -0.969087
vn 0.082054 0.290587 -0.953324
vn 0.565728 0.817499 0.107920
vn -0.472070 -0.842276 -0.260234
vn -0.657345 -0.722966 -0.212642
vn 0.733907 0.678929 0.020864
vn 0.728169 0.685071 -0.021151
vn -0.808065 -0.588736 0.020542
vn -0.810200 -0.546797 -0.211161
vn -0.811084 -0.584898 -0.006041
vn 0.731977 0.680561 0.032354
vn -0.761089 -0.598026 0.251214
vn -0.338952 0.369320 -0.865283
vn 0.078070 0.150579 -0.985511
vn 0.379925 -0.196567 -0.903891
vn -0.059734 0.290922 -0.954880
vn 0.466547 -0.301905 0.831377
vn 0.085415 0.153013 0.984526
vn -0.293488 0.368685 0.882007
vn 0.410670 -0.078695 0.908382
vn 0.603544 -0.379760 -0.701083
vn 0.692010 -0.494144 -0.526255
vn 0.657092 -0.440363 0.611809
vn 0.579760 -0.215381 0.785805
vn -0.484371 0.530007 0.696044
vn -0.664071 0.622087 0.414750
vn -0.550222 0.559693 -0.619678
vn -0.209290 0.395878 -0.894136
vn 0.748958 -0.547816 0.372773
vn 0.333369 -0.024492 -0.942478
vn -0.681464 0.633412 -0.366602
vn -0.121942 0.395814 0.910199
vn 0.115461 0.310215 -0.943629
vn 0.341410 0.181261 0.922271
vn -0.590245 0.522191 -0.615571
vn -0.084306 0.094238 -0.991974
vn -0.528640 -0.479664 -0.700330
vn 0.659452 0.751736 0.003951
vn -0.453610 0.388195 0.802211
vn 0.108937 -0.095176 0.989482
vn -0.381418 -0.601401 0.702024
vn 0.470206 -0.388103 -0.792642
vn 0.604710 -0.520262 0.603037
vn 0.581124 -0.514998 0.630136
vn 0.049073 -0.148995 0.987619
vn 0.537578 -0.563231 0.627519
vn -0.143652 0.098977 0.984666
vn 0.230414 -0.386930 0.892858
vn 0.521731 -0.608563 0.597870
vn -0.094844 0.079405 -0.992320
vn -0.618569 0.483336 -0.619483
vn -0.596512 0.510848 -0.619038
vn -0.160179 0.013439 -0.986997
vn -0.665586 0.442624 -0.600899
vn -0.204376 -0.006908 -0.978868
vn -0.473210 0.346709 0.809855
vn -0.464070 0.383785 0.798341
vn -0.505505 0.291400 0.812127
vn 0.389604 -0.468728 -0.792782
vn 0.440634 -0.421927 -0.792350
vn 0.455793 -0.394000 -0.798133
vn -0.055512 0.168148 -0.984197
vn -0.122648 0.156311 -0.980064
vn 0.011882 0.179202 -0.983741
vn -0.115504 0.115929 -0.986519
vn -0.089678 0.097665 -0.991171
vn -0.141212 0.134076 -0.980858
vn 0.173650 0.000002 0.984807
vn 0.114681 -0.071624 0.990817
vn 0.116111 -0.072639 0.990577
vn 0.113250 -0.070609 0.991054
vn 0.683553 0.721797 0.108465
vn 0.713998 0.698522 -0.047691
vn 0.635436 0.726411 0.261817
vn 0.979424 -0.104523 -0.172637
vn 0.769871 -0.618455 -0.157519
vn 0.773980 -0.620519 -0.126137
vn 0.764987 -0.615769 -0.188743
vn -0.729625 0.661175 0.174628
vn -0.722926 0.653535 0.224208
vn -0.734454 0.667122 0.124600
vn -0.291559 0.951030 0.102642
vn -0.280152 0.959956 0.000263
vn -0.299849 0.931937 0.203924
vn -0.586357 -0.795348 -0.153644
vn -0.654406 -0.683154 -0.324119
vn -0.744398 -0.634960 -0.206636
vn -0.544499 -0.818378 -0.183788
vn -0.754635 -0.620095 0.214496
vn -0.560829 -0.742072 0.367151
vn -0.536838 -0.838041 0.097430
vn -0.746846 -0.600165 0.286396
vn -0.567554 -0.819047 0.083925
vn -0.890146 -0.453196 0.047474
# 821 normals

g guard1_body.tga
usemtl guard1_body.tga_d.tga
s 1
f 1/1/1 3/2/2 2/3/3
f 1/1/1 2/3/3 4/4/4
f 1/1/1 4/4/4 5/5/5
f 1/1/1 5/5/5 6/6/6
f 7/7/7 2/3/3 8/8/8
f 7/7/7 8/8/8 9/9/9
f 10/10/10 5/5/5 11/11/11
f 10/10/10 11/11/11 12/12/12
f 13/13/13 15/14/14 14/15/15
f 14/15/15 17/16/16 16/17/17
f 16/17/17 13/13/13 14/15/15
f 18/18/18 20/19/19 19/20/20
f 21/21/21 20/19/19 18/18/18
f 22/22/22 17/16/16 23/23/23
f 22/22/22 23/23/23 24/24/24
f 25/25/25 22/22/22 24/24/24
f 25/25/25 24/24/24 26/26/26
f 21/21/21 27/27/27 20/19/19
f 27/27/27 28/28/28 20/19/19
f 15/14/14 13/13/13 21/21/21
f 13/13/13 27/27/27 21/21/21
f 22/22/22 29/29/29 17/16/16
f 29/29/29 16/17/17 17/16/16
f 30/30/30 29/29/29 22/22/22
f 30/30/30 22/22/22 25/25/25
f 27/27/27 31/31/31 28/28/28
f 32/32/32 31/31/31 27/27/27
f 33/33/33 32/32/32 27/27/27
f 33/33/33 27/27/27 13/13/13
f 34/34/34 33/33/33 13/13/13
f 34/34/34 13/13/13 16/17/17
f 35/35/35 34/34/34 16/17/17
f 35/35/35 16/17/17 29/29/29
f 30/30/30 35/35/35 29/29/29
f 36/36/36 35/35/35 30/30/30
f 37/37/37 38/38/38 31/31/31
f 37/37/37 31/31/31 32/32/32
f 39/39/39 37/37/37 32/32/32
f 39/39/39 32/32/32 33/33/33
f 40/40/40 39/39/39 33/33/33
f 40/40/40 33/33/33 34/34/34
f 41/41/41 40/40/40 34/34/34
f 41/41/41 34/34/34 35/35/35
f 42/42/42 41/41/41 35/35/35
f 42/42/42 35/35/35 36/36/36
f 15/14/14 21/21/21 43/43/43
f 21/21/21 18/18/18 44/44/44
f 44/44/44 43/43/43 21/21/21
f 44/44/44 45/45/45 43/43/43
f 46/13/46 14/15/15 15/14/14
f 14/15/15 47/17/47 17/16/16
f 47/17/47 14/15/15 46/13/46
f 48/18/48 50/20/49 49/19/50
f 51/21/51 48/18/48 49/19/50
f 52/24/52 23/23/23 53/22/53
f 53/22/53 23/23/23 17/16/16
f 54/25/54 52/24/52 53/22/53
f 54/25/54 55/26/55 52/24/52
f 51/21/51 49/19/50 56/27/56
f 56/27/56 49/19/50 57/28/57
f 15/14/14 51/21/51 46/13/46
f 46/13/46 51/21/51 56/27/56
f 53/22/53 17/16/16 58/29/58
f 58/29/58 17/16/16 47/17/47
f 59/30/59 53/22/53 58/29/58
f 59/30/59 54/25/54 53/22/53
f 56/27/56 57/28/57 60/31/60
f 61/32/61 56/27/56 60/31/60
f 62/33/62 56/27/56 61/32/61
f 62/33/62 46/13/46 56/27/56
f 63/46/63 46/13/46 62/33/62
f 63/46/63 47/17/47 46/13/46
f 64/35/64 47/17/47 63/46/63
f 64/35/64 58/29/58 47/17/47
f 59/30/59 58/29/58 64/35/64
f 65/36/65 59/30/59 64/35/64
f 66/37/66 60/31/60 67/38/67
f 66/37/66 61/32/61 60/31/60
f 68/47/68 61/32/61 66/37/66
f 68/47/68 62/33/62 61/32/61
f 69/40/69 62/33/62 68/47/68
f 69/40/69 63/46/63 62/33/62
f 70/41/70 63/46/63 69/40/69
f 70/41/70 64/35/64 63/46/63
f 71/42/71 64/35/64 70/41/70
f 71/42/71 65/36/65 64/35/64
f 15/14/14 43/43/43 51/21/51
f 48/18/48 51/21/51 72/48/72
f 72/48/72 51/21/51 43/43/43
f 72/48/72 43/43/43 45/45/45
f 73/49/73 75/50/74 74/51/75
f 76/52/76 78/53/76 77/54/76
f 79/55/77 81/56/78 80/57/79
f 74/51/75 82/58/80 73/49/73
f 83/59/81 85/60/82 84/61/83
f 86/52/84 88/62/85 87/53/86
f 89/63/87 91/64/88 90/65/89
f 89/63/87 92/66/90 91/64/88
f 90/65/89 81/56/78 87/53/86
f 90/65/89 91/64/88 81/56/78
f 93/67/91 85/60/82 94/68/92
f 93/67/91 95/69/93 85/60/82
f 93/67/91 97/70/94 96/71/95
f 93/67/91 94/68/92 97/70/94
f 97/70/94 83/59/81 73/49/73
f 97/70/94 94/68/92 83/59/81
f 98/72/96 100/73/97 99/74/96
f 98/72/96 101/75/98 100/73/97
f 100/73/97 101/75/98 102/76/99
f 103/77/100 105/78/101 104/79/102
f 106/80/103 108/81/104 107/82/105
f 96/71/95 103/77/100 93/67/91
f 93/67/91 103/77/100 104/79/102
f 109/83/106 108/81/104 89/63/87
f 73/49/73 82/58/80 97/70/94
f 81/56/78 91/64/88 80/57/79
f 87/53/86 88/62/85 90/65/89
f 94/68/92 85/60/82 83/59/81
f 95/69/93 104/79/102 110/84/107
f 104/79/102 95/69/93 93/67/91
f 111/85/108 109/83/106 89/63/87
f 112/86/109 109/83/106 111/85/108
f 113/87/110 115/88/111 114/89/112
f 116/90/113 114/89/112 117/91/114
f 117/91/114 118/92/115 116/90/113
f 103/77/100 96/71/95 119/93/116
f 103/77/100 119/93/116 120/94/117
f 121/95/118 123/96/119 122/97/120
f 121/95/118 122/97/120 124/98/121
f 125/99/122 126/100/123 123/96/119
f 125/99/122 123/96/119 121/95/118
f 126/100/123 107/82/105 109/83/106
f 126/100/123 109/83/106 123/96/119
f 107/82/105 108/81/104 109/83/106
f 120/94/117 128/101/124 127/102/125
f 127/102/125 103/77/100 120/94/117
f 129/103/126 98/72/96 99/74/96
f 129/103/126 99/74/96 130/104/127
f 129/103/126 130/104/127 131/105/128
f 131/105/128 130/104/127 132/106/129
f 122/97/120 123/96/119 112/86/109
f 123/96/119 109/83/106 112/86/109
f 133/107/130 110/84/107 104/79/102
f 133/107/130 134/108/131 110/84/107
f 125/99/122 135/109/132 126/100/123
f 131/105/128 136/110/133 129/103/126
f 114/89/112 116/90/113 133/107/130
f 133/107/130 113/87/110 114/89/112
f 116/90/113 118/92/115 134/108/131
f 134/108/131 133/107/130 116/90/113
f 113/87/110 133/107/130 104/79/102
f 104/79/102 105/78/101 113/87/110
f 90/65/89 88/62/85 111/85/108
f 111/85/108 89/63/87 90/65/89
f 121/95/118 124/98/121 137/111/134
f 137/111/134 125/99/122 121/95/118
f 125/99/122 137/111/134 138/112/135
f 138/112/135 135/109/132 125/99/122
f 117/91/114 114/89/112 115/88/111
f 115/88/111 139/113/136 117/91/114
f 105/78/101 103/77/100 127/102/125
f 97/70/94 82/58/80 119/93/116
f 119/93/116 96/71/95 97/70/94
f 140/114/137 108/81/104 106/80/103
f 106/80/103 141/115/138 140/114/137
f 142/116/139 92/66/90 108/81/104
f 108/81/104 140/114/137 142/116/139
f 80/57/79 91/64/88 92/66/90
f 92/66/90 142/116/139 80/57/79
f 89/63/87 108/81/104 92/66/90
f 143/117/140 87/53/86 144/118/141
f 86/52/84 87/53/86 143/117/140
f 145/119/142 84/61/83 146/120/143
f 83/59/81 84/61/83 145/119/142
f 75/50/74 83/59/81 145/119/142
f 147/121/144 74/51/75 75/50/74
f 81/56/78 79/55/77 148/122/145
f 144/118/141 81/56/78 148/122/145
f 87/53/86 81/56/78 144/118/141
f 149/49/146 151/51/147 150/50/148
f 152/52/149 154/54/149 153/53/149
f 155/55/150 157/57/151 156/56/152
f 151/51/147 149/49/146 158/58/153
f 159/59/154 161/61/155 160/60/156
f 162/62/157 164/52/158 163/53/159
f 165/63/160 167/65/161 166/64/162
f 165/63/160 166/64/162 168/66/163
f 156/56/152 167/65/161 163/53/159
f 167/65/161 156/56/152 166/64/162
f 169/67/164 170/68/165 160/60/156
f 169/67/164 160/60/156 171/69/166
f 169/67/164 173/71/167 172/70/168
f 169/67/164 172/70/168 170/68/165
f 172/70/168 149/49/146 159/59/154
f 172/70/168 159/59/154 170/68/165
f 174/73/169 176/72/96 175/74/96
f 174/73/169 177/75/170 176/72/96
f 174/73/169 178/76/171 177/75/170
f 179/77/172 181/79/173 180/78/174
f 182/80/175 184/82/176 183/81/177
f 173/71/167 169/67/164 179/77/172
f 169/67/164 181/79/173 179/77/172
f 185/83/178 165/63/160 183/81/177
f 149/49/146 172/70/168 158/58/153
f 156/56/152 157/57/151 166/64/162
f 163/53/159 167/65/161 162/62/157
f 170/68/165 159/59/154 160/60/156
f 171/69/166 186/84/179 181/79/173
f 181/79/173 169/67/164 171/69/166
f 187/85/180 165/63/160 185/83/178
f 188/86/181 187/85/180 185/83/178
f 189/87/182 191/89/183 190/88/184
f 192/90/185 193/91/186 191/89/183
f 193/91/186 192/90/185 194/92/187
f 179/77/172 195/93/188 173/71/167
f 179/77/172 196/94/189 195/93/188
f 197/95/190 199/97/191 198/96/192
f 197/95/190 200/98/193 199/97/191
f 201/99/194 198/96/192 202/100/195
f 201/99/194 197/95/190 198/96/192
f 202/100/195 185/83/178 184/82/176
f 202/100/195 198/96/192 185/83/178
f 184/82/176 185/83/178 183/81/177
f 196/94/189 204/102/196 203/101/197
f 204/102/196 196/94/189 179/77/172
f 205/103/126 175/74/96 176/72/96
f 205/103/126 206/104/198 175/74/96
f 205/103/126 207/105/199 206/104/198
f 207/105/199 208/106/200 206/104/198
f 199/97/191 188/86/181 198/96/192
f 198/96/192 188/86/181 185/83/178
f 209/107/201 181/79/173 186/84/179
f 209/107/201 186/84/179 210/108/202
f 201/99/194 202/100/195 211/109/203
f 207/105/199 205/103/126 212/110/204
f 191/89/183 209/107/201 192/90/185
f 209/107/201 191/89/183 189/87/182
f 192/90/185 210/108/202 194/92/187
f 210/108/202 192/90/185 209/107/201
f 189/87/182 181/79/173 209/107/201
f 181/79/173 189/87/182 180/78/174
f 167/65/161 187/85/180 162/62/157
f 187/85/180 167/65/161 165/63/160
f 197/95/190 213/111/205 200/98/193
f 213/111/205 197/95/190 201/99/194
f 201/99/194 214/112/206 213/111/205
f 214/112/206 201/99/194 211/109/203
f 193/91/186 190/88/184 191/89/183
f 190/88/184 193/91/186 215/113/207
f 180/78/174 204/102/196 179/77/172
f 172/70/168 195/93/188 158/58/153
f 195/93/188 172/70/168 173/71/167
f 216/114/208 182/80/175 183/81/177
f 182/80/175 216/114/208 217/115/209
f 218/116/210 183/81/177 168/66/163
f 183/81/177 218/116/210 216/114/208
f 157/57/151 168/66/163 166/64/162
f 168/66/163 157/57/151 218/116/210
f 165/63/160 168/66/163 183/81/177
f 219/117/211 220/118/212 163/53/159
f 164/52/158 219/117/211 163/53/159
f 221/119/213 222/120/214 161/61/155
f 159/59/154 221/119/213 161/61/155
f 150/50/148 221/119/213 159/59/154
f 223/121/215 150/50/148 151/51/147
f 156/56/152 224/122/216 155/55/150
f 220/118/212 224/122/216 156/56/152
f 163/53/159 220/118/212 156/56/152
f 225/123/217 227/124/218 226/125/219
f 225/123/217 226/125/219 228/126/220
f 229/125/221 231/124/222 230/123/223
f 229/125/221 230/123/223 232/126/224
f 233/127/225 235/128/226 234/129/227
f 233/127/225 234/129/227 236/130/228
f 237/131/229 239/132/230 238/133/231
f 237/131/229 238/133/231 240/134/232
f 236/130/228 242/135/233 241/136/234
f 236/130/228 241/136/234 243/137/235
f 239/132/230 245/138/236 244/139/237
f 239/132/230 244/139/237 246/140/238
f 236/130/228 234/129/227 247/141/239
f 236/130/228 247/141/239 242/135/233
f 239/132/230 246/140/238 248/142/240
f 239/132/230 248/142/240 238/133/231
f 249/143/241 251/144/242 250/145/243
f 249/143/241 250/145/243 252/146/244
f 253/147/245 255/148/246 254/149/247
f 253/147/245 254/149/247 256/150/248
f 257/151/249 258/152/250 256/150/248
f 257/151/249 256/150/248 259/153/251
f 260/154/252 261/155/253 251/144/242
f 260/154/252 251/144/242 258/152/250
f 261/155/253 262/156/254 250/145/243
f 261/155/253 250/145/243 251/144/242
f 259/153/251 256/150/248 254/149/247
f 259/153/251 254/149/247 263/157/255
f 264/158/256 265/159/257 262/156/254
f 264/158/256 262/156/254 261/155/253
f 266/160/258 259/153/251 263/157/255
f 266/160/258 263/157/255 267/161/259
f 268/162/260 270/163/261 269/164/262
f 268/162/260 269/164/262 271/165/263
f 272/162/264 274/165/265 273/164/266
f 272/162/264 273/164/266 275/163/267
f 258/152/250 251/144/242 249/143/241
f 258/152/250 249/143/241 276/166/268
f 258/152/250 276/166/268 253/147/245
f 258/152/250 253/147/245 256/150/248
f 277/167/269 279/168/270 278/169/271
f 277/167/269 278/169/271 280/170/272
f 281/167/273 283/170/274 282/171/275
f 281/167/273 282/171/275 284/168/276
f 285/172/277 281/167/273 284/168/276
f 285/172/277 284/168/276 286/173/278
f 287/172/279 288/173/280 279/168/270
f 287/172/279 279/168/270 277/167/269
f 289/174/281 290/175/282 230/123/223
f 289/174/281 230/123/223 231/124/222
f 291/174/283 227/124/218 225/123/217
f 291/174/283 225/123/217 292/175/284
f 293/176/285 295/177/286 294/176/287
f 296/178/288 298/179/289 297/180/290
f 299/181/291 298/179/289 300/182/292
f 300/182/292 301/183/293 299/181/291
f 302/184/294 299/181/291 301/183/293
f 300/182/292 298/179/289 296/178/288
f 302/184/294 301/183/293 303/185/295
f 293/176/285 305/186/296 304/187/297
f 306/188/298 304/187/297 305/186/296
f 307/189/299 306/188/298 305/186/296
f 293/176/285 308/190/300 295/177/286
f 308/190/300 309/191/301 295/177/286
f 308/190/300 310/192/302 309/191/301
f 311/193/303 313/194/304 312/195/305
f 312/195/305 313/194/304 314/196/306
f 315/197/307 311/193/303 316/198/308
f 316/198/308 311/193/303 312/195/305
f 315/197/307 318/199/309 317/200/310
f 315/197/307 316/198/308 318/199/309
f 308/190/300 313/194/304 311/193/303
f 308/190/300 293/176/285 313/194/304
f 310/192/302 311/193/303 315/197/307
f 310/192/302 308/190/300 311/193/303
f 319/201/311 315/197/307 317/200/310
f 319/201/311 310/192/302 315/197/307
f 320/202/312 322/203/313 321/204/314
f 321/204/314 322/203/313 323/205/315
f 302/184/294 320/202/312 321/204/314
f 320/202/312 302/184/294 303/185/295
f 309/191/301 310/192/302 324/206/316
f 324/206/316 310/192/302 319/201/311
f 304/187/297 325/207/317 293/176/285
f 313/194/304 325/207/317 314/196/306
f 314/196/306 325/207/317 326/208/318
f 327/209/319 325/207/317 304/187/297
f 328/210/320 305/186/296 293/176/285
f 293/176/285 294/176/287 328/210/320
f 329/211/321 331/212/322 330/213/323
f 331/212/322 329/211/321 332/214/324
f 333/215/325 331/212/322 332/214/324
f 333/215/325 334/216/326 331/212/322
f 293/176/285 325/207/317 313/194/304
f 335/217/327 337/218/328 336/219/329
f 335/217/327 336/219/329 338/220/330
f 339/221/331 340/222/332 337/218/328
f 339/221/331 337/218/328 335/217/327
f 339/221/331 302/184/294 340/222/332
f 299/181/291 302/184/294 339/221/331
f 341/223/333 335/217/327 338/220/330
f 341/223/333 338/220/330 342/224/334
f 343/225/335 339/221/331 335/217/327
f 343/225/335 335/217/327 341/223/333
f 343/225/335 299/181/291 339/221/331
f 298/179/289 299/181/291 343/225/335
f 344/226/336 330/213/323 345/227/337
f 330/213/323 344/226/336 329/211/321
f 346/228/338 341/223/333 342/224/334
f 347/229/339 341/223/333 346/228/338
f 348/230/340 343/225/335 341/223/333
f 348/230/340 341/223/333 347/229/339
f 348/230/340 298/179/289 343/225/335
f 297/180/290 298/179/289 348/230/340
f 307/189/299 305/186/296 349/231/341
f 350/232/342 334/216/326 333/215/325
f 305/186/296 328/210/320 349/231/341
f 351/176/343 353/176/344 352/177/345
f 354/178/346 356/180/347 355/179/348
f 357/181/349 358/233/350 355/179/348
f 358/233/350 357/181/349 359/183/351
f 360/184/352 359/183/351 357/181/349
f 358/233/350 354/178/346 355/179/348
f 360/184/352 361/234/353 359/183/351
f 351/176/343 363/187/354 362/186/355
f 364/188/356 362/186/355 363/187/354
f 365/189/357 362/186/355 364/188/356
f 351/176/343 352/177/345 366/190/358
f 366/190/358 352/177/345 367/191/359
f 366/190/358 367/191/359 368/192/360
f 369/193/361 371/235/362 370/194/363
f 371/235/362 372/196/364 370/194/363
f 373/197/365 374/236/366 369/193/361
f 374/236/366 371/235/362 369/193/361
f 373/197/365 376/200/367 375/199/368
f 373/197/365 375/199/368 374/236/366
f 366/190/358 369/193/361 370/194/363
f 366/190/358 370/194/363 351/176/343
f 368/192/360 373/197/365 369/193/361
f 368/192/360 369/193/361 366/190/358
f 377/201/369 376/200/367 373/197/365
f 377/201/369 373/197/365 368/192/360
f 378/202/370 380/237/371 379/238/372
f 380/237/371 381/239/373 379/238/372
f 360/184/352 380/237/371 378/202/370
f 378/202/370 361/234/353 360/184/352
f 367/191/359 382/206/374 368/192/360
f 382/206/374 377/201/369 368/192/360
f 363/187/354 351/176/343 383/207/375
f 370/194/363 372/196/364 383/207/375
f 372/196/364 384/208/376 383/207/375
f 385/240/377 363/187/354 383/207/375
f 386/210/378 351/176/343 362/186/355
f 351/176/343 386/210/378 353/176/344
f 387/211/379 389/213/380 388/212/381
f 388/212/381 390/214/382 387/211/379
f 391/215/383 390/214/382 388/212/381
f 391/215/383 388/212/381 392/216/384
f 351/176/343 370/194/363 383/207/375
f 393/217/385 395/219/386 394/241/387
f 393/217/385 396/220/388 395/219/386
f 397/221/389 394/241/387 398/222/390
f 397/221/389 393/217/385 394/241/387
f 397/221/389 398/222/390 360/184/352
f 357/181/349 397/221/389 360/184/352
f 399/223/391 396/220/388 393/217/385
f 399/223/391 400/224/392 396/220/388
f 401/225/393 393/217/385 397/221/389
f 401/225/393 399/223/391 393/217/385
f 401/225/393 397/221/389 357/181/349
f 355/179/348 401/225/393 357/181/349
f 402/226/394 403/227/395 389/213/380
f 389/213/380 387/211/379 402/226/394
f 404/228/396 400/224/392 399/223/391
f 405/229/397 404/228/396 399/223/391
f 406/230/398 399/223/391 401/225/393
f 406/230/398 405/229/397 399/223/391
f 406/230/398 401/225/393 355/179/348
f 356/180/347 406/230/398 355/179/348
f 365/189/357 407/231/399 362/186/355
f 408/232/400 391/215/383 392/216/384
f 362/186/355 407/231/399 386/210/378
f 269/164/262 270/163/261 409/242/401
f 410/243/402 412/244/403 411/245/404
f 410/243/402 411/245/404 413/246/405
f 414/247/406 410/243/402 413/246/405
f 292/175/284 416/248/407 415/249/408
f 291/174/283 292/175/284 415/249/408
f 291/174/283 415/249/408 417/250/409
f 418/251/410 291/174/283 417/250/409
f 418/251/410 417/250/409 419/252/411
f 412/244/403 418/251/410 419/252/411
f 412/244/403 419/252/411 411/245/404
f 285/172/277 286/173/278 412/244/403
f 285/172/277 412/244/403 410/243/402
f 414/247/406 285/172/277 410/243/402
f 409/242/401 291/174/283 418/251/410
f 286/173/278 409/242/401 418/251/410
f 286/173/278 418/251/410 412/244/403
f 420/253/412 281/167/273 285/172/277
f 420/253/412 285/172/277 414/247/406
f 270/163/261 227/124/218 291/174/283
f 270/163/261 291/174/283 409/242/401
f 286/173/278 269/164/262 409/242/401
f 284/168/276 269/164/262 286/173/278
f 421/254/413 283/170/274 281/167/273
f 421/254/413 281/167/273 420/253/412
f 268/162/260 226/125/219 227/124/218
f 268/162/260 227/124/218 270/163/261
f 282/171/275 271/165/263 269/164/262
f 282/171/275 269/164/262 284/168/276
f 273/164/266 422/255/414 275/163/267
f 423/243/415 425/245/416 424/244/417
f 423/243/415 426/246/418 425/245/416
f 427/247/419 426/246/418 423/243/415
f 290/175/282 429/249/420 428/248/421
f 289/174/281 429/249/420 290/175/282
f 289/174/281 430/250/422 429/249/420
f 431/251/423 430/250/422 289/174/281
f 431/251/423 432/252/424 430/250/422
f 424/244/417 432/252/424 431/251/423
f 424/244/417 425/245/416 432/252/424
f 287/172/279 424/244/417 288/173/280
f 287/172/279 423/243/415 424/244/417
f 427/247/419 423/243/415 287/172/279
f 422/255/414 431/251/423 289/174/281
f 288/173/280 431/251/423 422/255/414
f 288/173/280 424/244/417 431/251/423
f 433/253/425 287/172/279 277/167/269
f 433/253/425 427/247/419 287/172/279
f 275/163/267 289/174/281 231/124/222
f 275/163/267 422/255/414 289/174/281
f 288/173/280 422/255/414 273/164/266
f 279/168/270 288/173/280 273/164/266
f 434/254/426 277/167/269 280/170/272
f 434/254/426 433/253/425 277/167/269
f 272/162/264 231/124/222 229/125/221
f 272/162/264 275/163/267 231/124/222
f 278/169/271 273/164/266 274/165/265
f 278/169/271 279/168/270 273/164/266
f 435/256/427 437/257/428 436/258/429
f 435/256/427 438/259/430 437/257/428
f 436/258/429 439/260/431 435/256/427
f 440/261/432 442/262/433 441/263/434
f 440/261/432 443/264/435 439/260/431
f 440/261/432 441/263/434 443/264/435
f 444/265/436 446/266/437 445/267/438
f 444/265/436 447/268/439 446/266/437
f 440/261/432 439/260/431 436/258/429
f 438/259/430 448/269/440 437/257/428
f 438/259/430 449/270/441 448/269/440
f 450/271/442 452/272/443 451/273/444
f 453/274/445 455/275/446 454/276/447
f 455/275/446 453/274/445 456/277/448
f 457/278/449 236/130/228 243/137/235
f 236/130/228 457/278/449 233/127/225
f 242/135/233 451/273/444 458/279/450
f 458/279/450 241/136/234 242/135/233
f 459/280/451 257/151/249 460/281/452
f 460/281/452 461/282/453 459/280/451
f 257/151/249 259/153/251 266/160/258
f 266/160/258 460/281/452 257/151/249
f 263/157/255 456/277/448 453/274/445
f 453/274/445 267/161/259 263/157/255
f 462/283/454 463/284/455 455/275/446
f 455/275/446 456/277/448 462/283/454
f 247/141/239 450/271/442 451/273/444
f 451/273/444 242/135/233 247/141/239
f 459/280/451 258/152/250 257/151/249
f 254/149/247 462/283/454 456/277/448
f 456/277/448 263/157/255 254/149/247
f 253/147/245 6/6/6 464/285/456
f 447/268/439 253/147/245 464/285/456
f 447/268/439 255/148/246 253/147/245
f 444/265/436 255/148/246 447/268/439
f 462/283/454 255/148/246 444/265/436
f 462/283/454 254/149/247 255/148/246
f 462/283/454 445/267/438 463/284/455
f 462/283/454 444/265/436 445/267/438
f 438/259/430 435/256/427 465/286/457
f 435/256/427 466/287/458 465/286/457
f 435/256/427 439/260/431 466/287/458
f 443/264/435 466/287/458 439/260/431
f 467/288/459 468/289/460 466/287/458
f 467/288/459 466/287/458 443/264/435
f 441/263/434 467/288/459 443/264/435
f 247/141/239 234/129/227 441/263/434
f 441/263/434 234/129/227 467/288/459
f 467/288/459 235/128/226 468/289/460
f 467/288/459 234/129/227 235/128/226
f 450/271/442 247/141/239 441/263/434
f 450/271/442 441/263/434 442/262/433
f 1/1/1 6/6/6 253/147/245
f 1/1/1 253/147/245 276/166/268
f 5/5/5 10/10/10 464/285/456
f 5/5/5 464/285/456 6/6/6
f 469/290/461 11/11/11 5/5/5
f 469/290/461 5/5/5 4/4/4
f 438/259/430 465/286/457 470/291/462
f 438/259/430 470/291/462 449/270/441
f 471/292/463 436/258/429 437/257/428
f 471/292/463 437/257/428 472/293/464
f 436/258/429 471/292/463 473/294/465
f 440/261/432 474/295/466 442/262/433
f 440/261/432 473/294/465 475/296/467
f 440/261/432 475/296/467 474/295/466
f 476/297/468 478/298/469 477/299/470
f 476/297/468 477/299/470 479/300/471
f 440/261/432 436/258/429 473/294/465
f 472/293/464 437/257/428 448/269/440
f 472/293/464 448/269/440 480/301/472
f 450/271/442 481/302/473 452/272/443
f 482/303/474 483/304/475 237/131/229
f 237/131/229 484/305/476 482/303/474
f 483/304/475 245/138/236 239/132/230
f 239/132/230 237/131/229 483/304/475
f 246/140/238 485/306/477 481/302/473
f 485/306/477 246/140/238 244/139/237
f 459/280/451 486/307/478 260/154/252
f 486/307/478 459/280/451 487/308/479
f 260/154/252 264/158/256 261/155/253
f 264/158/256 260/154/252 486/307/478
f 262/156/254 482/303/474 484/305/476
f 482/303/474 262/156/254 265/159/257
f 488/309/480 237/131/229 240/134/232
f 237/131/229 488/309/480 484/305/476
f 248/142/240 481/302/473 450/271/442
f 481/302/473 248/142/240 246/140/238
f 459/280/451 260/154/252 258/152/250
f 250/145/243 484/305/476 488/309/480
f 484/305/476 250/145/243 262/156/254
f 249/143/241 489/310/481 3/2/2
f 490/311/482 489/310/481 249/143/241
f 490/311/482 249/143/241 252/146/244
f 476/297/468 479/300/471 491/312/483
f 488/309/480 476/297/468 491/312/483
f 488/309/480 491/312/483 250/145/243
f 488/309/480 240/134/232 478/298/469
f 488/309/480 478/298/469 476/297/468
f 472/293/464 492/313/484 471/292/463
f 471/292/463 492/313/484 477/299/470
f 471/292/463 477/299/470 473/294/465
f 475/296/467 473/294/465 477/299/470
f 493/314/485 477/299/470 478/298/469
f 493/314/485 475/296/467 477/299/470
f 474/295/466 475/296/467 493/314/485
f 248/142/240 474/295/466 238/133/231
f 474/295/466 493/314/485 238/133/231
f 240/134/232 493/314/485 478/298/469
f 240/134/232 238/133/231 493/314/485
f 450/271/442 474/295/466 248/142/240
f 450/271/442 442/262/433 474/295/466
f 1/1/1 249/143/241 3/2/2
f 1/1/1 276/166/268 249/143/241
f 2/3/3 489/310/481 8/8/8
f 2/3/3 3/2/2 489/310/481
f 469/290/461 2/3/3 7/7/7
f 469/290/461 4/4/4 2/3/3
f 472/293/464 494/315/486 492/313/484
f 472/293/464 480/301/472 494/315/486
# 628 triangles in group

g guard1_face.tga
usemtl guard1_face.tga_d.tga
f 495/316/487 497/317/488 496/318/489
f 498/319/490 495/316/487 496/318/489
f 499/320/491 501/321/492 500/322/493
f 502/323/494 501/321/492 499/320/491
f 503/324/495 505/325/496 504/326/497
f 505/325/496 503/324/495 506/327/498
f 506/327/498 507/328/499 505/325/496
f 508/329/500 504/326/497 505/325/496
f 508/329/500 505/325/496 507/328/499
f 507/328/499 509/330/501 508/329/500
f 510/331/502 512/332/503 511/333/504
f 511/333/504 506/327/498 510/331/502
f 506/327/498 511/333/504 507/328/499
f 513/334/505 511/333/504 512/332/503
f 513/334/505 507/328/499 511/333/504
f 507/328/499 513/334/505 509/330/501
f 514/335/506 516/336/507 515/337/508
f 516/336/507 514/335/506 517/338/509
f 518/339/510 520/340/511 519/341/512
f 521/342/513 520/340/511 518/339/510
f 522/343/514 524/324/515 523/326/516
f 523/326/516 525/344/517 522/343/514
f 523/326/516 527/329/518 526/345/519
f 526/345/519 527/329/518 528/330/520
f 528/330/520 529/346/521 526/345/519
f 530/347/522 523/326/516 526/345/519
f 531/348/523 526/345/519 529/346/521
f 526/345/519 531/348/523 530/347/522
f 524/324/515 533/349/524 532/327/525
f 524/324/515 522/343/514 533/349/524
f 533/349/524 522/343/514 525/344/517
f 534/350/526 536/351/527 535/352/528
f 537/353/529 534/350/526 535/352/528
f 537/353/529 538/354/530 534/350/526
f 537/353/529 535/352/528 539/355/531
f 539/355/531 541/356/532 540/357/533
f 539/355/531 540/357/533 537/353/529
f 542/358/534 498/319/490 543/359/535
f 498/319/490 542/358/534 540/357/533
f 537/353/529 540/357/533 542/358/534
f 542/358/534 538/354/530 537/353/529
f 498/319/490 496/318/489 543/359/535
f 544/360/536 516/336/507 545/361/537
f 545/361/537 546/362/538 544/360/536
f 523/326/516 546/362/538 545/361/537
f 546/362/538 523/326/516 530/347/522
f 531/348/523 547/363/539 530/347/522
f 547/363/539 546/362/538 530/347/522
f 523/326/516 545/361/537 548/364/540
f 523/326/516 548/364/540 539/355/531
f 523/326/516 539/355/531 549/365/541
f 548/364/540 550/366/542 497/317/488
f 539/355/531 548/364/540 541/356/532
f 540/357/533 541/356/532 495/316/487
f 498/319/490 540/357/533 495/316/487
f 515/337/508 516/336/507 544/360/536
f 549/365/541 536/351/527 551/367/543
f 552/368/544 525/344/517 549/365/541
f 495/316/487 541/356/532 497/317/488
f 541/356/532 548/364/540 497/317/488
f 551/367/543 552/368/544 549/365/541
f 553/369/545 546/362/538 547/363/539
f 496/318/489 497/317/488 550/366/542
f 536/351/527 549/365/541 535/352/528
f 535/352/528 549/365/541 539/355/531
f 550/366/542 545/361/537 516/336/507
f 517/338/509 496/318/489 550/366/542
f 553/369/545 554/370/546 546/362/538
f 549/365/541 525/344/517 523/326/516
f 550/366/542 548/364/540 545/361/537
f 555/371/547 496/318/489 517/338/509
f 516/336/507 517/338/509 550/366/542
f 556/372/548 496/318/489 555/371/547
f 556/372/548 543/359/535 496/318/489
f 557/373/549 559/374/550 558/375/551
f 559/374/550 544/360/536 558/375/551
f 544/360/536 559/374/550 515/337/508
f 560/376/552 555/371/547 517/338/509
f 517/338/509 514/335/506 560/376/552
f 561/377/553 562/378/554 555/371/547
f 555/371/547 560/376/552 561/377/553
f 555/371/547 563/379/555 556/372/548
f 563/379/555 555/371/547 562/378/554
f 558/375/551 544/360/536 554/370/546
f 546/362/538 554/370/546 544/360/536
f 564/380/556 557/373/549 565/381/557
f 557/373/549 564/380/556 559/374/550
f 565/381/557 566/382/558 564/380/556
f 566/382/558 565/381/557 567/383/559
f 568/384/560 569/385/561 518/339/510
f 566/382/558 561/377/553 560/376/552
f 519/341/512 568/384/560 518/339/510
f 566/382/558 560/376/552 514/335/506
f 514/335/506 564/380/556 566/382/558
f 564/380/556 514/335/506 515/337/508
f 515/337/508 559/374/550 564/380/556
f 570/386/562 572/387/563 571/388/564
f 570/386/562 573/389/565 572/387/563
f 518/339/510 575/390/566 574/391/567
f 521/342/513 518/339/510 574/391/567
f 576/392/568 578/332/569 577/331/570
f 578/332/569 576/392/568 579/393/571
f 578/332/569 581/394/572 580/334/573
f 581/394/572 528/330/520 580/334/573
f 528/330/520 581/394/572 529/346/521
f 582/395/574 581/394/572 578/332/569
f 531/348/523 529/346/521 581/394/572
f 581/394/572 582/395/574 531/348/523
f 533/349/524 577/331/570 532/327/525
f 533/349/524 576/392/568 577/331/570
f 533/349/524 579/393/571 576/392/568
f 579/393/571 533/349/524 525/344/517
f 534/350/526 583/396/575 536/351/527
f 584/397/576 583/396/575 534/350/526
f 584/397/576 534/350/526 538/354/530
f 584/397/576 585/398/577 583/396/575
f 585/398/577 587/399/578 586/400/579
f 585/398/577 584/397/576 587/399/578
f 542/358/534 543/359/535 502/323/494
f 502/323/494 587/399/578 542/358/534
f 584/397/576 542/358/534 587/399/578
f 542/358/534 584/397/576 538/354/530
f 502/323/494 543/359/535 501/321/492
f 588/401/580 589/402/581 570/386/562
f 589/402/581 588/401/580 590/403/582
f 578/332/569 589/402/581 590/403/582
f 590/403/582 582/395/574 578/332/569
f 582/395/574 590/403/582 547/363/539
f 531/348/523 582/395/574 547/363/539
f 578/332/569 591/404/583 589/402/581
f 578/332/569 585/398/577 591/404/583
f 578/332/569 592/405/584 585/398/577
f 591/404/583 500/322/493 593/406/585
f 585/398/577 586/400/579 591/404/583
f 587/399/578 499/320/491 586/400/579
f 502/323/494 499/320/491 587/399/578
f 571/388/564 588/401/580 570/386/562
f 592/405/584 551/367/543 536/351/527
f 552/368/544 592/405/584 579/393/571
f 499/320/491 500/322/493 586/400/579
f 586/400/579 500/322/493 591/404/583
f 551/367/543 592/405/584 552/368/544
f 553/369/545 547/363/539 590/403/582
f 501/321/492 593/406/585 500/322/493
f 536/351/527 583/396/575 592/405/584
f 583/396/575 585/398/577 592/405/584
f 593/406/585 570/386/562 589/402/581
f 573/389/565 593/406/585 501/321/492
f 553/369/545 590/403/582 554/370/546
f 592/405/584 578/332/569 579/393/571
f 593/406/585 589/402/581 591/404/583
f 594/407/586 573/389/565 501/321/492
f 570/386/562 593/406/585 573/389/565
f 556/372/548 594/407/586 501/321/492
f 556/372/548 501/321/492 543/359/535
f 595/408/587 558/375/551 596/409/588
f 596/409/588 558/375/551 588/401/580
f 596/409/588 588/401/580 571/388/564
f 597/410/589 573/389/565 594/407/586
f 573/389/565 597/410/589 572/387/563
f 598/411/590 594/407/586 599/412/591
f 594/407/586 598/411/590 597/410/589
f 594/407/586 556/372/548 563/379/555
f 563/379/555 599/412/591 594/407/586
f 558/375/551 554/370/546 588/401/580
f 590/403/582 588/401/580 554/370/546
f 600/413/592 601/414/593 595/408/587
f 595/408/587 596/409/588 600/413/592
f 601/414/593 600/413/592 602/415/594
f 602/415/594 603/416/595 601/414/593
f 604/417/596 518/339/510 569/385/561
f 602/415/594 597/410/589 598/411/590
f 575/390/566 518/339/510 604/417/596
f 602/415/594 572/387/563 597/410/589
f 572/387/563 602/415/594 600/413/592
f 572/387/563 600/413/592 571/388/564
f 571/388/564 600/413/592 596/409/588
# 177 triangles in group

g guard1_helmet.tga
usemtl guard1_helmet.tga_d.tga
f 605/418/597 607/419/598 606/420/597
f 605/418/597 606/420/597 608/421/599
f 609/419/600 611/421/600 610/422/601
f 611/421/600 609/419/600 612/423/602
f 613/418/603 615/419/604 614/423/603
f 613/418/603 614/423/603 616/421/605
f 617/424/606 619/425/607 618/426/606
f 620/427/608 619/425/607 621/426/608
f 622/426/609 624/427/609 623/428/609
f 625/420/610 627/419/611 626/427/610
f 625/420/610 626/427/610 628/426/612
f 629/419/613 631/424/614 630/426/613
f 629/419/613 630/426/613 632/423/615
f 633/419/616 635/427/617 634/426/616
f 633/419/616 634/426/616 636/423/618
f 637/429/619 639/430/620 638/431/621
f 638/431/621 640/432/622 637/429/619
f 639/430/620 642/433/623 641/434/624
f 641/434/624 638/431/621 639/430/620
f 642/433/623 644/435/625 643/436/626
f 643/436/626 641/434/624 642/433/623
f 644/435/625 646/437/627 645/438/628
f 645/438/628 643/436/626 644/435/625
f 646/437/627 648/439/629 647/440/630
f 647/440/630 645/438/628 646/437/627
f 637/429/619 650/441/631 649/442/632
f 650/441/631 637/429/619 640/432/622
f 649/442/632 652/443/633 651/444/634
f 652/443/633 649/442/632 650/441/631
f 651/444/634 654/445/635 653/446/636
f 654/445/635 651/444/634 652/443/633
f 653/446/636 656/447/637 655/448/638
f 656/447/637 653/446/636 654/445/635
f 648/439/629 655/448/638 647/440/630
f 647/440/630 655/448/638 656/447/637
f 657/449/639 659/435/640 658/433/641
f 657/449/639 658/433/641 660/450/642
f 657/449/639 662/451/643 661/437/644
f 657/449/639 661/437/644 659/435/640
f 663/452/645 665/446/646 664/448/647
f 666/453/648 663/452/645 664/448/647
f 667/454/649 669/455/650 668/456/651
f 667/454/649 668/456/651 670/457/652
f 667/454/649 670/457/652 671/458/653
f 670/457/652 673/459/654 672/460/655
f 671/458/653 670/457/652 672/460/655
f 673/459/654 674/461/656 672/460/655
f 675/444/657 665/446/646 663/452/645
f 675/444/657 663/452/645 676/462/658
f 677/442/659 675/444/657 676/462/658
f 677/442/659 676/462/658 678/463/660
f 679/429/661 677/442/659 678/463/660
f 679/429/661 678/463/660 680/464/662
f 681/430/663 679/429/661 682/465/664
f 679/429/661 680/464/662 682/465/664
f 658/433/641 681/430/663 682/465/664
f 658/433/641 682/465/664 660/450/642
f 683/439/665 684/466/666 666/453/648
f 683/439/665 666/453/648 664/448/647
f 683/439/665 661/437/644 662/451/643
f 683/439/665 662/451/643 684/466/666
f 674/461/656 668/456/651 669/455/650
f 674/461/656 673/459/654 668/456/651
f 680/464/662 669/455/650 682/465/664
f 674/461/656 680/464/662 678/463/660
f 674/461/656 669/455/650 680/464/662
f 676/462/658 674/461/656 678/463/660
f 672/460/655 676/462/658 663/452/645
f 672/460/655 674/461/656 676/462/658
f 660/450/642 667/454/649 657/449/639
f 669/455/650 660/450/642 682/465/664
f 669/455/650 667/454/649 660/450/642
f 662/451/643 657/449/639 667/454/649
f 684/466/666 662/451/643 671/458/653
f 667/454/649 671/458/653 662/451/643
f 671/458/653 666/453/648 684/466/666
f 666/453/648 672/460/655 663/452/645
f 671/458/653 672/460/655 666/453/648
# 78 triangles in group

g iron_grill.tga
usemtl iron_grill.tga_d.tga
f 685/467/667 687/468/668 686/469/669
f 687/468/668 685/467/667 688/470/670
f 689/471/671 691/472/672 690/473/673
f 689/471/671 690/473/673 692/474/674
f 693/475/675 689/471/671 692/474/674
f 693/475/675 692/474/674 694/476/676
f 695/477/677 693/475/675 694/476/676
f 695/477/677 694/476/676 696/478/678
f 697/479/679 695/477/677 696/478/678
f 697/479/679 696/478/678 698/480/679
f 699/481/680 701/482/681 700/483/681
f 699/481/680 700/483/681 702/484/682
f 688/470/670 699/481/680 702/484/682
f 688/470/670 702/484/682 687/468/668
f 691/472/672 685/467/667 686/469/669
f 690/473/673 691/472/672 686/469/669
# 16 triangles in group

g round_grill.tga
usemtl round_grill.tga_d.tga
f 703/485/683 705/486/684 704/487/683
f 706/486/127 708/485/127 707/488/685
f 709/488/686 711/489/686 710/486/687
f 711/489/686 709/488/686 712/490/688
f 713/490/689 707/488/685 705/486/684
f 713/490/689 705/486/684 714/489/690
f 715/491/691 717/492/692 716/493/691
f 717/492/692 719/494/693 718/495/693
f 717/492/692 721/496/694 720/497/694
f 717/492/692 723/498/695 722/499/695
f 717/492/692 725/500/696 724/501/696
f 717/492/692 727/502/697 726/503/697
f 717/492/692 729/504/698 728/505/698
f 717/492/692 731/506/699 730/507/699
f 732/508/551 734/509/551 733/510/551
f 732/508/551 735/511/551 734/509/551
f 732/508/551 736/512/551 735/511/551
f 732/508/551 737/513/551 736/512/551
f 732/508/551 738/514/551 737/513/551
f 732/508/551 739/515/551 738/514/551
f 732/508/551 740/516/551 739/515/551
f 732/508/551 733/510/551 740/516/551
# 22 triangles in group

g guard1_body.tga
usemtl guard1_body.tga_d.tga
f 741/517/700 743/518/701 742/519/702
f 741/517/700 742/519/702 744/520/703
f 745/517/704 747/519/705 746/520/706
f 747/519/705 745/517/704 748/518/707
f 749/521/708 751/522/709 750/523/710
f 751/522/709 749/521/708 752/524/711
f 753/525/712 755/526/713 754/527/714
f 755/526/713 753/525/712 756/528/715
f 757/526/716 759/525/717 758/528/718
f 759/525/717 757/526/716 760/527/719
f 761/529/720 763/530/721 762/531/722
f 763/530/721 761/529/720 764/532/723
f 765/533/724 741/517/700 766/534/725
f 741/517/700 765/533/724 743/518/701
f 750/523/710 767/535/726 749/521/708
f 767/535/726 750/523/710 768/536/727
f 759/525/717 760/527/719 769/533/728
f 769/533/728 770/534/729 759/525/717
f 767/535/726 771/537/730 752/524/711
f 752/524/711 749/521/708 767/535/726
f 772/537/731 764/532/723 761/529/720
f 761/529/720 773/538/732 772/537/731
f 752/524/711 774/539/733 751/522/709
f 774/539/733 752/524/711 775/540/734
f 776/541/735 777/540/736 773/538/732
f 777/540/736 776/541/735 778/542/737
f 769/533/728 745/517/704 770/534/729
f 745/517/704 769/533/728 748/518/707
f 751/522/709 779/543/738 750/523/710
f 779/543/738 751/522/709 774/539/733
f 753/525/712 754/527/714 765/533/724
f 765/533/724 766/534/725 753/525/712
f 780/544/739 778/542/737 776/541/735
f 776/541/735 762/531/722 780/544/739
f 781/545/740 783/546/741 782/547/742
f 783/546/741 781/545/740 784/548/743
f 785/545/744 787/546/745 786/547/746
f 787/546/745 785/545/744 788/548/747
f 782/547/742 790/549/748 789/550/749
f 785/545/744 792/551/750 791/552/751
f 786/547/746 794/549/752 793/550/753
f 781/545/740 796/553/754 795/552/755
f 792/551/750 785/545/744 797/554/756
f 791/552/751 788/548/747 785/545/744
f 790/549/748 782/547/742 798/555/757
f 798/555/757 782/547/742 783/546/741
f 796/553/754 781/545/740 799/554/758
f 795/552/755 784/548/743 781/545/740
f 794/549/752 786/547/746 800/555/759
f 800/555/759 786/547/746 787/546/745
f 783/546/741 784/548/743 801/556/760
f 798/555/757 783/546/741 801/556/760
f 801/556/760 784/548/743 795/552/755
f 802/556/761 787/546/745 788/548/747
f 787/546/745 802/556/761 800/555/759
f 802/556/761 788/548/747 791/552/751
f 803/557/762 805/558/763 804/559/764
f 803/557/762 806/560/765 805/558/763
f 807/561/766 808/558/767 806/560/765
f 807/561/766 809/562/768 808/558/767
f 810/561/769 804/559/764 805/558/763
f 810/561/769 805/558/763 806/560/765
f 811/557/770 806/560/765 808/558/767
f 811/557/770 808/558/767 809/562/768
f 812/563/771 814/564/772 813/565/773
f 812/563/771 815/533/774 814/564/772
f 813/565/773 817/566/775 816/567/776
f 817/566/775 813/565/773 814/564/772
f 818/533/777 820/565/778 819/568/779
f 820/565/778 818/533/777 821/564/780
f 821/564/780 822/567/781 820/565/778
f 822/567/781 821/564/780 823/566/782
f 815/533/774 824/569/783 814/564/772
f 815/533/774 825/570/784 824/569/783
f 814/564/772 826/571/785 817/566/775
f 826/571/785 814/564/772 824/569/783
f 827/571/786 821/564/780 828/569/787
f 821/564/780 827/571/786 823/566/782
f 828/569/787 818/533/777 829/570/788
f 818/533/777 828/569/787 821/564/780
f 830/418/789 832/572/789 831/573/790
f 833/574/791 832/572/789 830/418/789
f 834/575/792 836/576/792 835/577/793
f 836/576/792 834/575/792 837/578/794
f 838/418/795 840/579/795 839/574/795
f 838/418/795 841/573/795 840/579/795
f 842/575/796 844/576/796 843/578/797
f 844/576/796 842/575/796 845/577/798
f 846/580/799 848/581/799 847/582/800
f 849/583/801 848/581/799 846/580/799
f 850/584/802 852/585/802 851/586/802
f 852/585/802 850/584/802 853/587/802
f 854/588/803 856/589/803 855/590/804
f 856/589/803 854/588/803 857/591/805
f 858/590/806 860/591/806 859/588/807
f 860/591/806 858/590/806 861/589/808
f 862/586/809 864/587/809 863/584/810
f 864/587/809 862/586/809 865/585/811
f 866/592/812 868/593/813 867/594/814
f 867/594/814 869/595/815 866/592/812
f 870/596/816 872/597/817 871/598/818
f 872/597/817 870/596/816 873/599/819
f 871/598/818 866/592/812 869/595/815
f 866/592/812 871/598/818 874/600/820
f 875/601/821 873/599/819 870/596/816
f 870/596/816 867/594/814 875/601/821
# 106 triangles in group

# 1027 triangles total

